plant.name,plant.cultivar,model.name,model.weight,model.dimensions.length,model.dimensions.width,model.dimensions.height,model.tank_volume,model.rotors.power,model.rotors.number,model.nozzles.type,model.nozzles.number,model.particle_diameter.min,model.particle_diameter.max,model.swath_width.min,model.swath_width.max,model.water_pump.type,model.water_pump.flow_rate,model.water_pump.number,experiment.weather.temperature.min,experiment.weather.temperature.max,experiment.weather.humidity.min,experiment.weather.humidity.max,experiment.weather.velocity.min,experiment.weather.velocity.max,experiment.params.height,experiment.params.flight_speed,experiment.params.spray_volume,experiment.params.atomization_diameter,plant.phenotypes.height,model.positioning_mode,experiment.params.flow_rate,plant.genotype,plant.phenotypes.plagiotropic_node_number,plant.phenotypes.plagiotropic_node_distance,plant.phenotypes.orthotropic_branch_length,plant.phenotypes.orthotropic_branch_node_number,plant.phenotypes.diameter,plant.phenotypes.leaf_area,experiment.results.droplet_size.value
tea,Camellia sinensis,AGRAS T30,36.5,2.9,2.7,0.8,30,3600.0,6,SX11001VS,16,130.0,250.0,4.0,9.0,plunger pump,4.0,1.0,23.0,31.0,48.0,72.0,0.2,1.6,2.0,7.0,30.0,off,,,,,,,,,,,223.9
tea,Camellia sinensis,AGRAS T30,36.5,2.9,2.7,0.8,30,3600.0,6,SX11001VS,16,130.0,250.0,4.0,9.0,plunger pump,4.0,1.0,22.853,30.273,47.035,73.869,0.193,1.682,1.926,7.245,30.99,off,,,,,,,,,,,221.977
tea,Camellia sinensis,AGRAS T30,36.5,2.9,2.7,0.8,30,3600.0,6,SX11001VS,16,130.0,250.0,4.0,9.0,plunger pump,4.0,1.0,22.576,31.612,47.101,71.277,0.213,1.54,1.927,7.4,31.603,off,,,,,,,,,,,223.152
tea,Camellia sinensis,AGRAS T30,36.5,2.9,2.7,0.8,30,3600.0,6,SX11001VS,16,130.0,250.0,4.0,9.0,plunger pump,4.0,1.0,23.444,30.642,48.994,70.165,0.194,1.513,1.971,7.431,28.912,off,,,,,,,,,,,220.497
tea,Camellia sinensis,AGRAS T30,36.5,2.9,2.7,0.8,30,3600.0,6,SX11001VS,16,130.0,250.0,4.0,9.0,plunger pump,4.0,1.0,22.57,30.351,46.459,70.476,0.2,1.598,2.135,7.137,31.542,off,,,,,,,,,,,227.634
tea,Camellia sinensis,AGRAS T30,36.5,2.9,2.7,0.8,30,3600.0,6,SX11001VS,16,130.0,250.0,4.0,9.0,plunger pump,4.0,1.0,22.462,31.291,47.565,72.936,0.215,1.672,2.086,6.478,28.784,off,,,,,,,,,,,223.835
tea,Camellia sinensis,AGRAS T30,36.5,2.9,2.7,0.8,30,3600.0,6,SX11001VS,16,130.0,250.0,4.0,9.0,plunger pump,4.0,1.0,23.728,31.576,46.65,70.641,0.199,1.628,1.968,6.796,30.931,off,,,,,,,,,,,225.293
tea,Camellia sinensis,AGRAS T30,36.5,2.9,2.7,0.8,30,3600.0,6,SX11001VS,16,130.0,250.0,4.0,9.0,plunger pump,4.0,1.0,23.676,31.471,46.694,70.583,0.189,1.646,1.953,7.226,28.715,off,,,,,,,,,,,221.595
tea,Camellia sinensis,AGRAS T30,36.5,2.9,2.7,0.8,30,3600.0,6,SX11001VS,16,130.0,250.0,4.0,9.0,plunger pump,4.0,1.0,23.179,31.227,49.701,72.154,0.21,1.661,2.044,7.117,30.54,off,,,,,,,,,,,221.293
tea,Camellia sinensis,AGRAS T30,36.5,2.9,2.7,0.8,30,3600.0,6,SX11001VS,16,130.0,250.0,4.0,9.0,plunger pump,4.0,1.0,23.072,31.172,47.316,70.412,0.195,1.586,1.928,7.299,27.975,off,,,,,,,,,,,222.136
tea,Camellia sinensis,AGRAS T30,36.5,2.9,2.7,0.8,30,3600.0,6,SX11001VS,16,130.0,250.0,4.0,9.0,plunger pump,4.0,1.0,23.0,31.0,48.0,72.0,0.2,1.6,2.0,3.0,30.0,off,,,,,,,,,,,251.1
tea,Camellia sinensis,AGRAS T30,36.5,2.9,2.7,0.8,30,3600.0,6,SX11001VS,16,130.0,250.0,4.0,9.0,plunger pump,4.0,1.0,22.876,31.735,49.205,74.321,0.191,1.624,1.979,3.054,28.66,off,,,,,,,,,,,254.118
tea,Camellia sinensis,AGRAS T30,36.5,2.9,2.7,0.8,30,3600.0,6,SX11001VS,16,130.0,250.0,4.0,9.0,plunger pump,4.0,1.0,23.004,30.628,48.75,70.262,0.191,1.544,1.964,3.088,28.482,off,,,,,,,,,,,255.376
tea,Camellia sinensis,AGRAS T30,36.5,2.9,2.7,0.8,30,3600.0,6,SX11001VS,16,130.0,250.0,4.0,9.0,plunger pump,4.0,1.0,22.449,31.723,48.123,71.754,0.214,1.539,2.121,2.947,32.387,off,,,,,,,,,,,253.226
tea,Camellia sinensis,AGRAS T30,36.5,2.9,2.7,0.8,30,3600.0,6,SX11001VS,16,130.0,250.0,4.0,9.0,plunger pump,4.0,1.0,23.204,30.211,50.339,73.71,0.193,1.657,1.969,2.791,31.81,off,,,,,,,,,,,252.932
tea,Camellia sinensis,AGRAS T30,36.5,2.9,2.7,0.8,30,3600.0,6,SX11001VS,16,130.0,250.0,4.0,9.0,plunger pump,4.0,1.0,23.672,31.612,47.095,70.546,0.186,1.688,2.082,3.197,31.805,off,,,,,,,,,,,250.418
tea,Camellia sinensis,AGRAS T30,36.5,2.9,2.7,0.8,30,3600.0,6,SX11001VS,16,130.0,250.0,4.0,9.0,plunger pump,4.0,1.0,23.496,31.209,47.752,72.377,0.204,1.583,2.017,2.888,29.168,off,,,,,,,,,,,250.682
tea,Camellia sinensis,AGRAS T30,36.5,2.9,2.7,0.8,30,3600.0,6,SX11001VS,16,130.0,250.0,4.0,9.0,plunger pump,4.0,1.0,22.71,31.549,48.897,71.905,0.216,1.658,1.919,2.725,28.89,off,,,,,,,,,,,252.975
tea,Camellia sinensis,AGRAS T30,36.5,2.9,2.7,0.8,30,3600.0,6,SX11001VS,16,130.0,250.0,4.0,9.0,plunger pump,4.0,1.0,22.235,30.179,47.447,71.554,0.2,1.694,2.045,2.986,30.208,off,,,,,,,,,,,247.388
tea,Camellia sinensis,AGRAS T30,36.5,2.9,2.7,0.8,30,3600.0,6,SX11001VS,16,130.0,250.0,4.0,9.0,plunger pump,4.0,1.0,23.51,30.342,48.832,72.692,0.2,1.49,2.159,3.122,30.667,off,,,,,,,,,,,249.066
tea,Camellia sinensis,AGRAS T30,36.5,2.9,2.7,0.8,30,3600.0,6,SX11001VS,16,130.0,250.0,4.0,9.0,plunger pump,4.0,1.0,23.0,31.0,48.0,72.0,0.2,1.6,3.5,3.0,30.0,off,,,,,,,,,,,237.2
tea,Camellia sinensis,AGRAS T30,36.5,2.9,2.7,0.8,30,3600.0,6,SX11001VS,16,130.0,250.0,4.0,9.0,plunger pump,4.0,1.0,22.714,30.413,46.778,73.368,0.194,1.684,3.69,3.092,31.858,off,,,,,,,,,,,238.787
tea,Camellia sinensis,AGRAS T30,36.5,2.9,2.7,0.8,30,3600.0,6,SX11001VS,16,130.0,250.0,4.0,9.0,plunger pump,4.0,1.0,22.241,30.308,48.105,73.309,0.192,1.639,3.581,2.889,28.187,off,,,,,,,,,,,230.568
tea,Camellia sinensis,AGRAS T30,36.5,2.9,2.7,0.8,30,3600.0,6,SX11001VS,16,130.0,250.0,4.0,9.0,plunger pump,4.0,1.0,23.303,30.069,47.779,70.643,0.191,1.489,3.547,2.91,29.717,off,,,,,,,,,,,234.928
tea,Camellia sinensis,AGRAS T30,36.5,2.9,2.7,0.8,30,3600.0,6,SX11001VS,16,130.0,250.0,4.0,9.0,plunger pump,4.0,1.0,22.878,31.825,46.368,72.767,0.186,1.501,3.462,3.17,29.931,off,,,,,,,,,,,233.096
tea,Camellia sinensis,AGRAS T30,36.5,2.9,2.7,0.8,30,3600.0,6,SX11001VS,16,130.0,250.0,4.0,9.0,plunger pump,4.0,1.0,22.543,31.66,46.828,70.834,0.21,1.702,3.65,3.243,29.193,off,,,,,,,,,,,234.165
tea,Camellia sinensis,AGRAS T30,36.5,2.9,2.7,0.8,30,3600.0,6,SX11001VS,16,130.0,250.0,4.0,9.0,plunger pump,4.0,1.0,23.38,31.491,47.195,71.538,0.193,1.514,3.531,2.954,30.3,off,,,,,,,,,,,240.194
tea,Camellia sinensis,AGRAS T30,36.5,2.9,2.7,0.8,30,3600.0,6,SX11001VS,16,130.0,250.0,4.0,9.0,plunger pump,4.0,1.0,21.902,31.309,49.139,73.787,0.195,1.533,3.635,2.953,27.625,off,,,,,,,,,,,240.439
tea,Camellia sinensis,AGRAS T30,36.5,2.9,2.7,0.8,30,3600.0,6,SX11001VS,16,130.0,250.0,4.0,9.0,plunger pump,4.0,1.0,22.808,31.092,47.52,75.473,0.185,1.615,3.521,2.783,28.779,off,,,,,,,,,,,241.864
tea,Camellia sinensis,AGRAS T30,36.5,2.9,2.7,0.8,30,3600.0,6,SX11001VS,16,130.0,250.0,4.0,9.0,plunger pump,4.0,1.0,22.97,31.434,49.556,69.513,0.197,1.709,3.505,3.164,31.708,off,,,,,,,,,,,233.728
tea,Camellia sinensis,AGRAS T30,36.5,2.9,2.7,0.8,30,3600.0,6,SX11001VS,16,130.0,250.0,4.0,9.0,plunger pump,4.0,1.0,23.0,31.0,48.0,72.0,0.2,1.6,5.0,3.0,30.0,off,,,,,,,,,,,240.2
tea,Camellia sinensis,AGRAS T30,36.5,2.9,2.7,0.8,30,3600.0,6,SX11001VS,16,130.0,250.0,4.0,9.0,plunger pump,4.0,1.0,22.473,29.792,47.524,73.311,0.186,1.646,5.049,2.789,30.761,off,,,,,,,,,,,237.828
tea,Camellia sinensis,AGRAS T30,36.5,2.9,2.7,0.8,30,3600.0,6,SX11001VS,16,130.0,250.0,4.0,9.0,plunger pump,4.0,1.0,22.842,31.335,48.067,70.162,0.214,1.586,4.68,2.853,31.677,off,,,,,,,,,,,238.797
tea,Camellia sinensis,AGRAS T30,36.5,2.9,2.7,0.8,30,3600.0,6,SX11001VS,16,130.0,250.0,4.0,9.0,plunger pump,4.0,1.0,22.265,32.308,49.162,74.151,0.192,1.526,4.772,2.817,29.669,off,,,,,,,,,,,236.655
tea,Camellia sinensis,AGRAS T30,36.5,2.9,2.7,0.8,30,3600.0,6,SX11001VS,16,130.0,250.0,4.0,9.0,plunger pump,4.0,1.0,23.335,31.607,47.378,70.135,0.21,1.558,4.837,2.934,29.81,off,,,,,,,,,,,242.532
tea,Camellia sinensis,AGRAS T30,36.5,2.9,2.7,0.8,30,3600.0,6,SX11001VS,16,130.0,250.0,4.0,9.0,plunger pump,4.0,1.0,23.521,31.64,46.69,70.997,0.207,1.552,4.718,2.833,29.109,off,,,,,,,,,,,236.648
tea,Camellia sinensis,AGRAS T30,36.5,2.9,2.7,0.8,30,3600.0,6,SX11001VS,16,130.0,250.0,4.0,9.0,plunger pump,4.0,1.0,23.596,31.647,49.839,71.132,0.209,1.677,4.964,2.873,30.293,off,,,,,,,,,,,241.953
tea,Camellia sinensis,AGRAS T30,36.5,2.9,2.7,0.8,30,3600.0,6,SX11001VS,16,130.0,250.0,4.0,9.0,plunger pump,4.0,1.0,23.194,30.931,48.326,73.861,0.215,1.718,5.218,2.976,30.573,off,,,,,,,,,,,240.896
tea,Camellia sinensis,AGRAS T30,36.5,2.9,2.7,0.8,30,3600.0,6,SX11001VS,16,130.0,250.0,4.0,9.0,plunger pump,4.0,1.0,22.399,30.856,48.689,73.93,0.203,1.574,5.118,3.071,30.297,off,,,,,,,,,,,243.857
tea,Camellia sinensis,AGRAS T30,36.5,2.9,2.7,0.8,30,3600.0,6,SX11001VS,16,130.0,250.0,4.0,9.0,plunger pump,4.0,1.0,22.961,32.304,46.37,69.129,0.206,1.51,5.071,2.805,27.354,off,,,,,,,,,,,242.072
tea,Camellia sinensis,AGRAS T30,36.5,2.9,2.7,0.8,30,3600.0,6,SX11001VS,16,130.0,250.0,4.0,9.0,plunger pump,4.0,1.0,23.0,31.0,48.0,72.0,0.2,1.6,2.0,3.0,60.0,off,,,,,,,,,,,274.1
tea,Camellia sinensis,AGRAS T30,36.5,2.9,2.7,0.8,30,3600.0,6,SX11001VS,16,130.0,250.0,4.0,9.0,plunger pump,4.0,1.0,23.423,32.318,47.467,70.296,0.205,1.668,1.94,3.136,61.111,off,,,,,,,,,,,276.925
tea,Camellia sinensis,AGRAS T30,36.5,2.9,2.7,0.8,30,3600.0,6,SX11001VS,16,130.0,250.0,4.0,9.0,plunger pump,4.0,1.0,23.117,31.702,48.638,73.57,0.187,1.668,1.826,3.038,61.801,off,,,,,,,,,,,274.148
tea,Camellia sinensis,AGRAS T30,36.5,2.9,2.7,0.8,30,3600.0,6,SX11001VS,16,130.0,250.0,4.0,9.0,plunger pump,4.0,1.0,23.781,32.139,46.771,72.469,0.209,1.503,1.9,3.064,60.979,off,,,,,,,,,,,272.572
tea,Camellia sinensis,AGRAS T30,36.5,2.9,2.7,0.8,30,3600.0,6,SX11001VS,16,130.0,250.0,4.0,9.0,plunger pump,4.0,1.0,22.459,30.057,47.986,72.876,0.191,1.598,2.095,3.004,59.562,off,,,,,,,,,,,275.621
tea,Camellia sinensis,AGRAS T30,36.5,2.9,2.7,0.8,30,3600.0,6,SX11001VS,16,130.0,250.0,4.0,9.0,plunger pump,4.0,1.0,23.508,31.533,47.433,70.819,0.191,1.637,1.949,3.209,59.995,off,,,,,,,,,,,278.117
tea,Camellia sinensis,AGRAS T30,36.5,2.9,2.7,0.8,30,3600.0,6,SX11001VS,16,130.0,250.0,4.0,9.0,plunger pump,4.0,1.0,23.783,30.91,46.762,73.033,0.214,1.697,1.96,2.901,62.753,off,,,,,,,,,,,266.991
tea,Camellia sinensis,AGRAS T30,36.5,2.9,2.7,0.8,30,3600.0,6,SX11001VS,16,130.0,250.0,4.0,9.0,plunger pump,4.0,1.0,23.634,30.979,47.367,72.203,0.203,1.492,1.934,2.924,58.35,off,,,,,,,,,,,269.316
tea,Camellia sinensis,AGRAS T30,36.5,2.9,2.7,0.8,30,3600.0,6,SX11001VS,16,130.0,250.0,4.0,9.0,plunger pump,4.0,1.0,23.85,30.828,48.845,72.884,0.198,1.542,2.133,3.056,62.074,off,,,,,,,,,,,267.637
tea,Camellia sinensis,AGRAS T30,36.5,2.9,2.7,0.8,30,3600.0,6,SX11001VS,16,130.0,250.0,4.0,9.0,plunger pump,4.0,1.0,22.611,30.41,49.425,70.253,0.214,1.556,2.043,2.795,62.001,off,,,,,,,,,,,271.56
tea,Camellia sinensis,AGRAS T30,36.5,2.9,2.7,0.8,30,3600.0,6,SX11001VS,16,130.0,250.0,4.0,9.0,plunger pump,4.0,1.0,23.0,31.0,48.0,72.0,0.2,1.6,3.5,3.0,60.0,off,,,,,,,,,,,266.8
tea,Camellia sinensis,AGRAS T30,36.5,2.9,2.7,0.8,30,3600.0,6,SX11001VS,16,130.0,250.0,4.0,9.0,plunger pump,4.0,1.0,23.05,30.63,49.136,69.067,0.186,1.589,3.681,3.049,57.923,off,,,,,,,,,,,263.943
tea,Camellia sinensis,AGRAS T30,36.5,2.9,2.7,0.8,30,3600.0,6,SX11001VS,16,130.0,250.0,4.0,9.0,plunger pump,4.0,1.0,24.014,31.599,47.982,72.82,0.196,1.694,3.351,2.878,61.463,off,,,,,,,,,,,268.3
tea,Camellia sinensis,AGRAS T30,36.5,2.9,2.7,0.8,30,3600.0,6,SX11001VS,16,130.0,250.0,4.0,9.0,plunger pump,4.0,1.0,23.297,31.702,46.659,74.628,0.198,1.527,3.369,3.148,58.801,off,,,,,,,,,,,265.362
tea,Camellia sinensis,AGRAS T30,36.5,2.9,2.7,0.8,30,3600.0,6,SX11001VS,16,130.0,250.0,4.0,9.0,plunger pump,4.0,1.0,22.308,31.094,48.142,70.984,0.207,1.513,3.276,2.959,62.404,off,,,,,,,,,,,266.775
tea,Camellia sinensis,AGRAS T30,36.5,2.9,2.7,0.8,30,3600.0,6,SX11001VS,16,130.0,250.0,4.0,9.0,plunger pump,4.0,1.0,22.481,30.052,46.989,72.306,0.19,1.664,3.37,2.97,62.37,off,,,,,,,,,,,266.682
tea,Camellia sinensis,AGRAS T30,36.5,2.9,2.7,0.8,30,3600.0,6,SX11001VS,16,130.0,250.0,4.0,9.0,plunger pump,4.0,1.0,23.227,31.656,49.091,72.753,0.208,1.57,3.641,2.926,56.866,off,,,,,,,,,,,269.337
tea,Camellia sinensis,AGRAS T30,36.5,2.9,2.7,0.8,30,3600.0,6,SX11001VS,16,130.0,250.0,4.0,9.0,plunger pump,4.0,1.0,22.384,30.362,48.084,70.449,0.195,1.561,3.655,3.168,58.447,off,,,,,,,,,,,261.044
tea,Camellia sinensis,AGRAS T30,36.5,2.9,2.7,0.8,30,3600.0,6,SX11001VS,16,130.0,250.0,4.0,9.0,plunger pump,4.0,1.0,23.266,30.938,47.465,73.977,0.207,1.599,3.206,2.904,62.445,off,,,,,,,,,,,271.36
tea,Camellia sinensis,AGRAS T30,36.5,2.9,2.7,0.8,30,3600.0,6,SX11001VS,16,130.0,250.0,4.0,9.0,plunger pump,4.0,1.0,22.778,31.387,47.742,73.417,0.194,1.683,3.458,2.997,63.426,off,,,,,,,,,,,263.645
tea,Camellia sinensis,AGRAS T30,36.5,2.9,2.7,0.8,30,3600.0,6,SX11001VS,16,130.0,250.0,4.0,9.0,plunger pump,4.0,1.0,23.0,31.0,48.0,72.0,0.2,1.6,5.0,3.0,60.0,off,,,,,,,,,,,262.6
tea,Camellia sinensis,AGRAS T30,36.5,2.9,2.7,0.8,30,3600.0,6,SX11001VS,16,130.0,250.0,4.0,9.0,plunger pump,4.0,1.0,23.129,31.725,48.585,71.722,0.184,1.555,4.671,3.154,59.384,off,,,,,,,,,,,263.021
tea,Camellia sinensis,AGRAS T30,36.5,2.9,2.7,0.8,30,3600.0,6,SX11001VS,16,130.0,250.0,4.0,9.0,plunger pump,4.0,1.0,22.989,30.813,47.217,72.004,0.191,1.555,5.176,3.163,64.025,off,,,,,,,,,,,259.811
tea,Camellia sinensis,AGRAS T30,36.5,2.9,2.7,0.8,30,3600.0,6,SX11001VS,16,130.0,250.0,4.0,9.0,plunger pump,4.0,1.0,22.856,30.637,49.674,71.155,0.207,1.665,4.927,2.881,64.182,off,,,,,,,,,,,260.551
tea,Camellia sinensis,AGRAS T30,36.5,2.9,2.7,0.8,30,3600.0,6,SX11001VS,16,130.0,250.0,4.0,9.0,plunger pump,4.0,1.0,22.843,31.887,46.906,69.851,0.215,1.662,4.995,3.038,59.097,off,,,,,,,,,,,265.196
tea,Camellia sinensis,AGRAS T30,36.5,2.9,2.7,0.8,30,3600.0,6,SX11001VS,16,130.0,250.0,4.0,9.0,plunger pump,4.0,1.0,22.598,29.777,48.149,74.01,0.204,1.571,4.885,3.028,58.172,off,,,,,,,,,,,268.163
tea,Camellia sinensis,AGRAS T30,36.5,2.9,2.7,0.8,30,3600.0,6,SX11001VS,16,130.0,250.0,4.0,9.0,plunger pump,4.0,1.0,23.302,29.92,48.744,72.438,0.197,1.512,4.98,2.792,59.721,off,,,,,,,,,,,260.251
tea,Camellia sinensis,AGRAS T30,36.5,2.9,2.7,0.8,30,3600.0,6,SX11001VS,16,130.0,250.0,4.0,9.0,plunger pump,4.0,1.0,23.085,31.253,46.615,69.752,0.209,1.714,5.285,2.746,61.223,off,,,,,,,,,,,262.626
tea,Camellia sinensis,AGRAS T30,36.5,2.9,2.7,0.8,30,3600.0,6,SX11001VS,16,130.0,250.0,4.0,9.0,plunger pump,4.0,1.0,23.087,30.255,48.358,74.704,0.198,1.743,5.27,2.851,57.469,off,,,,,,,,,,,259.035
tea,Camellia sinensis,AGRAS T30,36.5,2.9,2.7,0.8,30,3600.0,6,SX11001VS,16,130.0,250.0,4.0,9.0,plunger pump,4.0,1.0,22.477,31.005,47.377,69.494,0.188,1.623,5.031,3.213,62.928,off,,,,,,,,,,,264.484
tea,Camellia sinensis,AGRAS T30,36.5,2.9,2.7,0.8,30,3600.0,6,SX11001VS,16,130.0,250.0,4.0,9.0,plunger pump,4.0,1.0,23.0,31.0,48.0,72.0,0.2,1.6,2.0,3.0,90.0,off,,,,,,,,,,,277.1
tea,Camellia sinensis,AGRAS T30,36.5,2.9,2.7,0.8,30,3600.0,6,SX11001VS,16,130.0,250.0,4.0,9.0,plunger pump,4.0,1.0,22.748,30.658,46.095,74.211,0.192,1.458,2.054,3.156,98.264,off,,,,,,,,,,,279.061
tea,Camellia sinensis,AGRAS T30,36.5,2.9,2.7,0.8,30,3600.0,6,SX11001VS,16,130.0,250.0,4.0,9.0,plunger pump,4.0,1.0,22.619,31.581,47.385,69.627,0.201,1.636,2.114,2.851,92.899,off,,,,,,,,,,,277.8
tea,Camellia sinensis,AGRAS T30,36.5,2.9,2.7,0.8,30,3600.0,6,SX11001VS,16,130.0,250.0,4.0,9.0,plunger pump,4.0,1.0,22.52,31.212,48.655,73.462,0.202,1.508,1.891,2.796,89.317,off,,,,,,,,,,,277.248
tea,Camellia sinensis,AGRAS T30,36.5,2.9,2.7,0.8,30,3600.0,6,SX11001VS,16,130.0,250.0,4.0,9.0,plunger pump,4.0,1.0,23.887,29.98,48.815,71.503,0.2,1.69,2.059,2.834,86.877,off,,,,,,,,,,,279.85
tea,Camellia sinensis,AGRAS T30,36.5,2.9,2.7,0.8,30,3600.0,6,SX11001VS,16,130.0,250.0,4.0,9.0,plunger pump,4.0,1.0,23.721,31.176,48.121,71.737,0.202,1.641,1.901,2.803,84.174,off,,,,,,,,,,,273.023
tea,Camellia sinensis,AGRAS T30,36.5,2.9,2.7,0.8,30,3600.0,6,SX11001VS,16,130.0,250.0,4.0,9.0,plunger pump,4.0,1.0,22.582,29.673,49.3,72.775,0.212,1.698,2.027,2.983,94.492,off,,,,,,,,,,,277.066
tea,Camellia sinensis,AGRAS T30,36.5,2.9,2.7,0.8,30,3600.0,6,SX11001VS,16,130.0,250.0,4.0,9.0,plunger pump,4.0,1.0,23.28,30.97,46.493,71.101,0.21,1.546,2.0,3.08,84.328,off,,,,,,,,,,,282.674
tea,Camellia sinensis,AGRAS T30,36.5,2.9,2.7,0.8,30,3600.0,6,SX11001VS,16,130.0,250.0,4.0,9.0,plunger pump,4.0,1.0,23.401,30.001,45.974,70.719,0.191,1.571,2.059,3.094,89.555,off,,,,,,,,,,,281.91
tea,Camellia sinensis,AGRAS T30,36.5,2.9,2.7,0.8,30,3600.0,6,SX11001VS,16,130.0,250.0,4.0,9.0,plunger pump,4.0,1.0,24.045,31.009,48.601,71.25,0.202,1.679,1.953,3.017,86.572,off,,,,,,,,,,,274.105
tea,Camellia sinensis,AGRAS T30,36.5,2.9,2.7,0.8,30,3600.0,6,SX11001VS,16,130.0,250.0,4.0,9.0,plunger pump,4.0,1.0,23.0,31.0,48.0,72.0,0.2,1.6,3.5,3.0,90.0,off,,,,,,,,,,,272.9
tea,Camellia sinensis,AGRAS T30,36.5,2.9,2.7,0.8,30,3600.0,6,SX11001VS,16,130.0,250.0,4.0,9.0,plunger pump,4.0,1.0,23.488,31.009,49.294,73.896,0.208,1.611,3.321,3.09,90.386,off,,,,,,,,,,,273.11
tea,Camellia sinensis,AGRAS T30,36.5,2.9,2.7,0.8,30,3600.0,6,SX11001VS,16,130.0,250.0,4.0,9.0,plunger pump,4.0,1.0,22.744,29.958,49.26,71.42,0.201,1.528,3.227,2.891,97.235,off,,,,,,,,,,,275.168
tea,Camellia sinensis,AGRAS T30,36.5,2.9,2.7,0.8,30,3600.0,6,SX11001VS,16,130.0,250.0,4.0,9.0,plunger pump,4.0,1.0,23.974,31.805,47.963,72.242,0.187,1.647,3.353,3.184,94.884,off,,,,,,,,,,,274.676
tea,Camellia sinensis,AGRAS T30,36.5,2.9,2.7,0.8,30,3600.0,6,SX11001VS,16,130.0,250.0,4.0,9.0,plunger pump,4.0,1.0,23.066,32.251,47.996,69.797,0.201,1.603,3.81,2.808,91.64,off,,,,,,,,,,,271.372
tea,Camellia sinensis,AGRAS T30,36.5,2.9,2.7,0.8,30,3600.0,6,SX11001VS,16,130.0,250.0,4.0,9.0,plunger pump,4.0,1.0,22.995,31.098,46.954,71.346,0.208,1.651,3.331,3.002,87.629,off,,,,,,,,,,,268.383
tea,Camellia sinensis,AGRAS T30,36.5,2.9,2.7,0.8,30,3600.0,6,SX11001VS,16,130.0,250.0,4.0,9.0,plunger pump,4.0,1.0,23.166,30.061,50.095,70.978,0.207,1.544,3.302,3.003,91.918,off,,,,,,,,,,,277.563
tea,Camellia sinensis,AGRAS T30,36.5,2.9,2.7,0.8,30,3600.0,6,SX11001VS,16,130.0,250.0,4.0,9.0,plunger pump,4.0,1.0,22.744,30.939,49.37,71.026,0.202,1.604,3.761,2.925,84.527,off,,,,,,,,,,,272.684
tea,Camellia sinensis,AGRAS T30,36.5,2.9,2.7,0.8,30,3600.0,6,SX11001VS,16,130.0,250.0,4.0,9.0,plunger pump,4.0,1.0,23.61,30.176,48.722,71.196,0.21,1.495,3.235,3.001,87.868,off,,,,,,,,,,,269.989
tea,Camellia sinensis,AGRAS T30,36.5,2.9,2.7,0.8,30,3600.0,6,SX11001VS,16,130.0,250.0,4.0,9.0,plunger pump,4.0,1.0,23.734,31.128,46.839,74.09,0.205,1.74,3.658,3.251,86.257,off,,,,,,,,,,,275.579
tea,Camellia sinensis,AGRAS T30,36.5,2.9,2.7,0.8,30,3600.0,6,SX11001VS,16,130.0,250.0,4.0,9.0,plunger pump,4.0,1.0,23.0,31.0,48.0,72.0,0.2,1.6,5.0,3.0,90.0,off,,,,,,,,,,,266.8
tea,Camellia sinensis,AGRAS T30,36.5,2.9,2.7,0.8,30,3600.0,6,SX11001VS,16,130.0,250.0,4.0,9.0,plunger pump,4.0,1.0,22.467,31.529,46.645,71.628,0.204,1.496,5.214,2.974,95.697,off,,,,,,,,,,,264.514
tea,Camellia sinensis,AGRAS T30,36.5,2.9,2.7,0.8,30,3600.0,6,SX11001VS,16,130.0,250.0,4.0,9.0,plunger pump,4.0,1.0,23.285,30.743,46.618,73.435,0.195,1.643,4.776,3.207,96.313,off,,,,,,,,,,,271.18
tea,Camellia sinensis,AGRAS T30,36.5,2.9,2.7,0.8,30,3600.0,6,SX11001VS,16,130.0,250.0,4.0,9.0,plunger pump,4.0,1.0,22.847,30.056,49.187,71.85,0.203,1.574,5.016,2.989,98.462,off,,,,,,,,,,,271.347
tea,Camellia sinensis,AGRAS T30,36.5,2.9,2.7,0.8,30,3600.0,6,SX11001VS,16,130.0,250.0,4.0,9.0,plunger pump,4.0,1.0,22.307,31.331,47.346,69.348,0.207,1.501,4.68,3.026,87.541,off,,,,,,,,,,,265.116
tea,Camellia sinensis,AGRAS T30,36.5,2.9,2.7,0.8,30,3600.0,6,SX11001VS,16,130.0,250.0,4.0,9.0,plunger pump,4.0,1.0,22.449,30.766,45.969,69.231,0.195,1.484,5.122,2.884,92.368,off,,,,,,,,,,,267.308
tea,Camellia sinensis,AGRAS T30,36.5,2.9,2.7,0.8,30,3600.0,6,SX11001VS,16,130.0,250.0,4.0,9.0,plunger pump,4.0,1.0,22.229,31.884,49.319,72.869,0.195,1.556,4.988,3.116,83.848,off,,,,,,,,,,,268.012
tea,Camellia sinensis,AGRAS T30,36.5,2.9,2.7,0.8,30,3600.0,6,SX11001VS,16,130.0,250.0,4.0,9.0,plunger pump,4.0,1.0,23.486,30.364,46.897,72.069,0.203,1.735,4.725,2.937,87.872,off,,,,,,,,,,,261.089
tea,Camellia sinensis,AGRAS T30,36.5,2.9,2.7,0.8,30,3600.0,6,SX11001VS,16,130.0,250.0,4.0,9.0,plunger pump,4.0,1.0,22.356,30.825,47.661,73.843,0.184,1.511,4.601,3.081,91.656,off,,,,,,,,,,,261.045
tea,Camellia sinensis,AGRAS T30,36.5,2.9,2.7,0.8,30,3600.0,6,SX11001VS,16,130.0,250.0,4.0,9.0,plunger pump,4.0,1.0,22.85,31.944,49.502,71.152,0.203,1.727,5.088,2.968,92.135,off,,,,,,,,,,,266.128
tea,Camellia sinensis,AGRAS T40,50.0,2.8,3.2,0.8,40,3600.0,8,LX8060SZ,2,50.0,300.0,11.0,11.0,magnetic drive impeller pump,6.0,2.0,23.0,31.0,48.0,72.0,0.2,1.6,2.0,3.0,60.0,medium,,,,,,,,,,,220.4
tea,Camellia sinensis,AGRAS T40,50.0,2.8,3.2,0.8,40,3600.0,8,LX8060SZ,2,50.0,300.0,11.0,11.0,magnetic drive impeller pump,6.0,2.0,23.493,31.268,47.36,75.031,0.196,1.581,2.0,2.955,62.369,medium,,,,,,,,,,,220.052
tea,Camellia sinensis,AGRAS T40,50.0,2.8,3.2,0.8,40,3600.0,8,LX8060SZ,2,50.0,300.0,11.0,11.0,magnetic drive impeller pump,6.0,2.0,23.337,31.632,49.554,72.849,0.194,1.601,1.946,3.209,55.118,medium,,,,,,,,,,,220.127
tea,Camellia sinensis,AGRAS T40,50.0,2.8,3.2,0.8,40,3600.0,8,LX8060SZ,2,50.0,300.0,11.0,11.0,magnetic drive impeller pump,6.0,2.0,23.398,31.237,47.902,70.076,0.2,1.652,1.956,3.226,58.328,medium,,,,,,,,,,,220.04
tea,Camellia sinensis,AGRAS T40,50.0,2.8,3.2,0.8,40,3600.0,8,LX8060SZ,2,50.0,300.0,11.0,11.0,magnetic drive impeller pump,6.0,2.0,23.681,30.526,46.25,72.843,0.212,1.659,2.095,3.018,62.694,medium,,,,,,,,,,,215.172
tea,Camellia sinensis,AGRAS T40,50.0,2.8,3.2,0.8,40,3600.0,8,LX8060SZ,2,50.0,300.0,11.0,11.0,magnetic drive impeller pump,6.0,2.0,23.758,30.329,47.077,71.544,0.184,1.481,2.02,2.731,56.863,medium,,,,,,,,,,,223.078
tea,Camellia sinensis,AGRAS T40,50.0,2.8,3.2,0.8,40,3600.0,8,LX8060SZ,2,50.0,300.0,11.0,11.0,magnetic drive impeller pump,6.0,2.0,22.384,30.976,48.772,70.209,0.208,1.637,1.931,2.73,62.51,medium,,,,,,,,,,,218.433
tea,Camellia sinensis,AGRAS T40,50.0,2.8,3.2,0.8,40,3600.0,8,LX8060SZ,2,50.0,300.0,11.0,11.0,magnetic drive impeller pump,6.0,2.0,22.514,30.061,46.739,72.545,0.21,1.587,2.051,3.014,58.537,medium,,,,,,,,,,,221.747
tea,Camellia sinensis,AGRAS T40,50.0,2.8,3.2,0.8,40,3600.0,8,LX8060SZ,2,50.0,300.0,11.0,11.0,magnetic drive impeller pump,6.0,2.0,23.635,30.659,47.957,74.706,0.192,1.681,1.887,2.832,63.175,medium,,,,,,,,,,,222.104
tea,Camellia sinensis,AGRAS T40,50.0,2.8,3.2,0.8,40,3600.0,8,LX8060SZ,2,50.0,300.0,11.0,11.0,magnetic drive impeller pump,6.0,2.0,23.185,31.159,48.297,71.835,0.215,1.666,2.091,2.839,56.322,medium,,,,,,,,,,,220.792
tea,Camellia sinensis,AGRAS T40,50.0,2.8,3.2,0.8,40,3600.0,8,LX8060SZ,2,50.0,300.0,11.0,11.0,magnetic drive impeller pump,6.0,2.0,23.0,31.0,48.0,72.0,0.2,1.6,3.5,3.0,60.0,medium,,,,,,,,,,,220.4
tea,Camellia sinensis,AGRAS T40,50.0,2.8,3.2,0.8,40,3600.0,8,LX8060SZ,2,50.0,300.0,11.0,11.0,magnetic drive impeller pump,6.0,2.0,22.893,31.492,49.984,71.222,0.19,1.648,3.657,2.855,62.673,medium,,,,,,,,,,,217.647
tea,Camellia sinensis,AGRAS T40,50.0,2.8,3.2,0.8,40,3600.0,8,LX8060SZ,2,50.0,300.0,11.0,11.0,magnetic drive impeller pump,6.0,2.0,22.972,31.64,47.175,71.901,0.206,1.615,3.272,3.067,58.562,medium,,,,,,,,,,,223.234
tea,Camellia sinensis,AGRAS T40,50.0,2.8,3.2,0.8,40,3600.0,8,LX8060SZ,2,50.0,300.0,11.0,11.0,magnetic drive impeller pump,6.0,2.0,22.944,31.386,48.898,74.633,0.186,1.655,3.547,2.837,60.108,medium,,,,,,,,,,,220.461
tea,Camellia sinensis,AGRAS T40,50.0,2.8,3.2,0.8,40,3600.0,8,LX8060SZ,2,50.0,300.0,11.0,11.0,magnetic drive impeller pump,6.0,2.0,23.651,31.757,48.006,72.882,0.205,1.628,3.342,2.852,55.722,medium,,,,,,,,,,,217.506
tea,Camellia sinensis,AGRAS T40,50.0,2.8,3.2,0.8,40,3600.0,8,LX8060SZ,2,50.0,300.0,11.0,11.0,magnetic drive impeller pump,6.0,2.0,23.089,31.24,47.741,69.573,0.213,1.496,3.307,3.082,56.648,medium,,,,,,,,,,,221.92
tea,Camellia sinensis,AGRAS T40,50.0,2.8,3.2,0.8,40,3600.0,8,LX8060SZ,2,50.0,300.0,11.0,11.0,magnetic drive impeller pump,6.0,2.0,23.656,30.067,49.266,73.389,0.194,1.685,3.541,2.993,61.687,medium,,,,,,,,,,,222.601
tea,Camellia sinensis,AGRAS T40,50.0,2.8,3.2,0.8,40,3600.0,8,LX8060SZ,2,50.0,300.0,11.0,11.0,magnetic drive impeller pump,6.0,2.0,22.592,31.783,47.352,71.912,0.211,1.653,3.574,3.093,60.058,medium,,,,,,,,,,,223.05
tea,Camellia sinensis,AGRAS T40,50.0,2.8,3.2,0.8,40,3600.0,8,LX8060SZ,2,50.0,300.0,11.0,11.0,magnetic drive impeller pump,6.0,2.0,23.696,30.411,47.255,71.65,0.185,1.543,3.386,2.987,58.412,medium,,,,,,,,,,,219.426
tea,Camellia sinensis,AGRAS T40,50.0,2.8,3.2,0.8,40,3600.0,8,LX8060SZ,2,50.0,300.0,11.0,11.0,magnetic drive impeller pump,6.0,2.0,22.644,31.054,49.357,73.784,0.199,1.53,3.835,3.241,60.347,medium,,,,,,,,,,,222.961
tea,Camellia sinensis,AGRAS T40,50.0,2.8,3.2,0.8,40,3600.0,8,LX8060SZ,2,50.0,300.0,11.0,11.0,magnetic drive impeller pump,6.0,2.0,23.0,31.0,48.0,72.0,0.2,1.6,5.0,3.0,60.0,medium,,,,,,,,,,,216.9
tea,Camellia sinensis,AGRAS T40,50.0,2.8,3.2,0.8,40,3600.0,8,LX8060SZ,2,50.0,300.0,11.0,11.0,magnetic drive impeller pump,6.0,2.0,23.419,31.386,49.795,71.428,0.214,1.518,4.854,2.87,57.354,medium,,,,,,,,,,,213.205
tea,Camellia sinensis,AGRAS T40,50.0,2.8,3.2,0.8,40,3600.0,8,LX8060SZ,2,50.0,300.0,11.0,11.0,magnetic drive impeller pump,6.0,2.0,22.743,30.346,46.917,74.471,0.213,1.522,5.21,2.779,59.258,medium,,,,,,,,,,,215.747
tea,Camellia sinensis,AGRAS T40,50.0,2.8,3.2,0.8,40,3600.0,8,LX8060SZ,2,50.0,300.0,11.0,11.0,magnetic drive impeller pump,6.0,2.0,23.555,30.053,46.608,71.19,0.208,1.478,4.913,2.916,59.541,medium,,,,,,,,,,,221.107
tea,Camellia sinensis,AGRAS T40,50.0,2.8,3.2,0.8,40,3600.0,8,LX8060SZ,2,50.0,300.0,11.0,11.0,magnetic drive impeller pump,6.0,2.0,22.454,31.79,47.408,70.734,0.198,1.707,5.251,3.045,57.546,medium,,,,,,,,,,,217.261
tea,Camellia sinensis,AGRAS T40,50.0,2.8,3.2,0.8,40,3600.0,8,LX8060SZ,2,50.0,300.0,11.0,11.0,magnetic drive impeller pump,6.0,2.0,22.497,30.528,47.222,70.999,0.199,1.629,4.863,3.004,64.595,medium,,,,,,,,,,,216.858
tea,Camellia sinensis,AGRAS T40,50.0,2.8,3.2,0.8,40,3600.0,8,LX8060SZ,2,50.0,300.0,11.0,11.0,magnetic drive impeller pump,6.0,2.0,23.254,31.935,47.646,69.215,0.191,1.46,5.262,2.931,56.676,medium,,,,,,,,,,,216.235
tea,Camellia sinensis,AGRAS T40,50.0,2.8,3.2,0.8,40,3600.0,8,LX8060SZ,2,50.0,300.0,11.0,11.0,magnetic drive impeller pump,6.0,2.0,23.471,30.51,48.815,72.187,0.189,1.528,4.986,2.829,64.222,medium,,,,,,,,,,,217.815
tea,Camellia sinensis,AGRAS T40,50.0,2.8,3.2,0.8,40,3600.0,8,LX8060SZ,2,50.0,300.0,11.0,11.0,magnetic drive impeller pump,6.0,2.0,22.35,31.734,49.269,75.17,0.205,1.622,4.881,3.073,62.944,medium,,,,,,,,,,,212.2
tea,Camellia sinensis,AGRAS T40,50.0,2.8,3.2,0.8,40,3600.0,8,LX8060SZ,2,50.0,300.0,11.0,11.0,magnetic drive impeller pump,6.0,2.0,22.581,30.837,47.037,71.342,0.2,1.638,5.232,3.078,56.555,medium,,,,,,,,,,,219.097
tea,Camellia sinensis,AGRAS T40,50.0,2.8,3.2,0.8,40,3600.0,8,LX8060SZ,2,50.0,300.0,11.0,11.0,magnetic drive impeller pump,6.0,2.0,23.0,31.0,48.0,72.0,0.2,1.6,2.0,3.0,105.0,medium,,,,,,,,,,,354.2
tea,Camellia sinensis,AGRAS T40,50.0,2.8,3.2,0.8,40,3600.0,8,LX8060SZ,2,50.0,300.0,11.0,11.0,magnetic drive impeller pump,6.0,2.0,24.044,29.94,48.044,70.786,0.202,1.585,1.876,3.134,101.706,medium,,,,,,,,,,,362.116
tea,Camellia sinensis,AGRAS T40,50.0,2.8,3.2,0.8,40,3600.0,8,LX8060SZ,2,50.0,300.0,11.0,11.0,magnetic drive impeller pump,6.0,2.0,22.407,30.087,46.201,69.411,0.216,1.628,1.954,3.169,108.601,medium,,,,,,,,,,,350.759
tea,Camellia sinensis,AGRAS T40,50.0,2.8,3.2,0.8,40,3600.0,8,LX8060SZ,2,50.0,300.0,11.0,11.0,magnetic drive impeller pump,6.0,2.0,23.221,30.188,48.141,69.667,0.182,1.531,1.986,3.15,104.516,medium,,,,,,,,,,,357.993
tea,Camellia sinensis,AGRAS T40,50.0,2.8,3.2,0.8,40,3600.0,8,LX8060SZ,2,50.0,300.0,11.0,11.0,magnetic drive impeller pump,6.0,2.0,22.503,30.277,47.951,71.236,0.196,1.609,1.994,3.108,111.593,medium,,,,,,,,,,,348.655
tea,Camellia sinensis,AGRAS T40,50.0,2.8,3.2,0.8,40,3600.0,8,LX8060SZ,2,50.0,300.0,11.0,11.0,magnetic drive impeller pump,6.0,2.0,22.817,31.542,47.859,72.804,0.215,1.638,2.141,3.166,96.192,medium,,,,,,,,,,,348.67
tea,Camellia sinensis,AGRAS T40,50.0,2.8,3.2,0.8,40,3600.0,8,LX8060SZ,2,50.0,300.0,11.0,11.0,magnetic drive impeller pump,6.0,2.0,22.354,31.568,47.39,71.189,0.196,1.57,2.049,3.015,106.351,medium,,,,,,,,,,,352.343
tea,Camellia sinensis,AGRAS T40,50.0,2.8,3.2,0.8,40,3600.0,8,LX8060SZ,2,50.0,300.0,11.0,11.0,magnetic drive impeller pump,6.0,2.0,23.202,30.759,46.661,69.49,0.212,1.649,2.087,2.958,104.136,medium,,,,,,,,,,,358.389
tea,Camellia sinensis,AGRAS T40,50.0,2.8,3.2,0.8,40,3600.0,8,LX8060SZ,2,50.0,300.0,11.0,11.0,magnetic drive impeller pump,6.0,2.0,22.625,31.928,46.739,70.621,0.205,1.536,2.114,3.005,110.338,medium,,,,,,,,,,,356.242
tea,Camellia sinensis,AGRAS T40,50.0,2.8,3.2,0.8,40,3600.0,8,LX8060SZ,2,50.0,300.0,11.0,11.0,magnetic drive impeller pump,6.0,2.0,23.205,30.7,47.665,73.298,0.193,1.618,2.122,2.741,101.798,medium,,,,,,,,,,,360.568
tea,Camellia sinensis,AGRAS T40,50.0,2.8,3.2,0.8,40,3600.0,8,LX8060SZ,2,50.0,300.0,11.0,11.0,magnetic drive impeller pump,6.0,2.0,23.0,31.0,48.0,72.0,0.2,1.6,3.5,3.0,105.0,medium,,,,,,,,,,,321.9
tea,Camellia sinensis,AGRAS T40,50.0,2.8,3.2,0.8,40,3600.0,8,LX8060SZ,2,50.0,300.0,11.0,11.0,magnetic drive impeller pump,6.0,2.0,22.244,29.997,48.364,72.913,0.214,1.599,3.665,3.147,104.511,medium,,,,,,,,,,,320.987
tea,Camellia sinensis,AGRAS T40,50.0,2.8,3.2,0.8,40,3600.0,8,LX8060SZ,2,50.0,300.0,11.0,11.0,magnetic drive impeller pump,6.0,2.0,23.435,30.683,50.037,70.598,0.188,1.636,3.36,2.992,97.812,medium,,,,,,,,,,,325.878
tea,Camellia sinensis,AGRAS T40,50.0,2.8,3.2,0.8,40,3600.0,8,LX8060SZ,2,50.0,300.0,11.0,11.0,magnetic drive impeller pump,6.0,2.0,22.661,29.879,50.078,70.148,0.215,1.679,3.557,3.013,106.472,medium,,,,,,,,,,,319.017
tea,Camellia sinensis,AGRAS T40,50.0,2.8,3.2,0.8,40,3600.0,8,LX8060SZ,2,50.0,300.0,11.0,11.0,magnetic drive impeller pump,6.0,2.0,23.574,31.722,49.516,73.463,0.182,1.603,3.394,3.232,99.311,medium,,,,,,,,,,,323.183
tea,Camellia sinensis,AGRAS T40,50.0,2.8,3.2,0.8,40,3600.0,8,LX8060SZ,2,50.0,300.0,11.0,11.0,magnetic drive impeller pump,6.0,2.0,23.192,30.614,49.101,73.422,0.183,1.579,3.414,3.044,110.476,medium,,,,,,,,,,,318.306
tea,Camellia sinensis,AGRAS T40,50.0,2.8,3.2,0.8,40,3600.0,8,LX8060SZ,2,50.0,300.0,11.0,11.0,magnetic drive impeller pump,6.0,2.0,22.495,31.278,47.798,70.61,0.203,1.55,3.42,3.067,107.179,medium,,,,,,,,,,,326.209
tea,Camellia sinensis,AGRAS T40,50.0,2.8,3.2,0.8,40,3600.0,8,LX8060SZ,2,50.0,300.0,11.0,11.0,magnetic drive impeller pump,6.0,2.0,22.262,31.362,46.676,74.04,0.199,1.722,3.571,3.025,101.498,medium,,,,,,,,,,,328.278
tea,Camellia sinensis,AGRAS T40,50.0,2.8,3.2,0.8,40,3600.0,8,LX8060SZ,2,50.0,300.0,11.0,11.0,magnetic drive impeller pump,6.0,2.0,22.304,30.097,48.74,70.409,0.204,1.64,3.221,3.134,104.992,medium,,,,,,,,,,,324.156
tea,Camellia sinensis,AGRAS T40,50.0,2.8,3.2,0.8,40,3600.0,8,LX8060SZ,2,50.0,300.0,11.0,11.0,magnetic drive impeller pump,6.0,2.0,23.005,31.685,48.656,72.119,0.21,1.508,3.348,2.751,100.386,medium,,,,,,,,,,,330.401
tea,Camellia sinensis,AGRAS T40,50.0,2.8,3.2,0.8,40,3600.0,8,LX8060SZ,2,50.0,300.0,11.0,11.0,magnetic drive impeller pump,6.0,2.0,23.0,31.0,48.0,72.0,0.2,1.6,5.0,3.0,105.0,medium,,,,,,,,,,,303.5
tea,Camellia sinensis,AGRAS T40,50.0,2.8,3.2,0.8,40,3600.0,8,LX8060SZ,2,50.0,300.0,11.0,11.0,magnetic drive impeller pump,6.0,2.0,22.516,32.151,49.472,71.73,0.197,1.61,5.214,3.066,113.51,medium,,,,,,,,,,,308.653
tea,Camellia sinensis,AGRAS T40,50.0,2.8,3.2,0.8,40,3600.0,8,LX8060SZ,2,50.0,300.0,11.0,11.0,magnetic drive impeller pump,6.0,2.0,22.048,31.081,47.141,72.392,0.207,1.614,4.926,3.095,102.087,medium,,,,,,,,,,,300.433
tea,Camellia sinensis,AGRAS T40,50.0,2.8,3.2,0.8,40,3600.0,8,LX8060SZ,2,50.0,300.0,11.0,11.0,magnetic drive impeller pump,6.0,2.0,23.166,31.599,46.92,70.382,0.186,1.655,4.762,3.021,109.401,medium,,,,,,,,,,,303.562
tea,Camellia sinensis,AGRAS T40,50.0,2.8,3.2,0.8,40,3600.0,8,LX8060SZ,2,50.0,300.0,11.0,11.0,magnetic drive impeller pump,6.0,2.0,22.5,29.62,46.233,71.943,0.203,1.52,5.11,2.746,106.294,medium,,,,,,,,,,,302.506
tea,Camellia sinensis,AGRAS T40,50.0,2.8,3.2,0.8,40,3600.0,8,LX8060SZ,2,50.0,300.0,11.0,11.0,magnetic drive impeller pump,6.0,2.0,22.348,30.841,47.624,71.049,0.205,1.662,5.295,3.182,105.288,medium,,,,,,,,,,,300.731
tea,Camellia sinensis,AGRAS T40,50.0,2.8,3.2,0.8,40,3600.0,8,LX8060SZ,2,50.0,300.0,11.0,11.0,magnetic drive impeller pump,6.0,2.0,22.914,30.956,48.472,70.072,0.211,1.609,4.87,2.972,105.536,medium,,,,,,,,,,,303.845
tea,Camellia sinensis,AGRAS T40,50.0,2.8,3.2,0.8,40,3600.0,8,LX8060SZ,2,50.0,300.0,11.0,11.0,magnetic drive impeller pump,6.0,2.0,23.219,30.687,46.55,72.061,0.214,1.645,4.813,2.912,99.778,medium,,,,,,,,,,,302.551
tea,Camellia sinensis,AGRAS T40,50.0,2.8,3.2,0.8,40,3600.0,8,LX8060SZ,2,50.0,300.0,11.0,11.0,magnetic drive impeller pump,6.0,2.0,23.383,31.956,48.102,69.759,0.207,1.545,4.795,2.711,110.494,medium,,,,,,,,,,,301.355
tea,Camellia sinensis,AGRAS T40,50.0,2.8,3.2,0.8,40,3600.0,8,LX8060SZ,2,50.0,300.0,11.0,11.0,magnetic drive impeller pump,6.0,2.0,23.049,31.017,47.755,71.078,0.197,1.665,5.248,2.995,108.156,medium,,,,,,,,,,,305.409
tea,Camellia sinensis,AGRAS T40,50.0,2.8,3.2,0.8,40,3600.0,8,LX8060SZ,2,50.0,300.0,11.0,11.0,magnetic drive impeller pump,6.0,2.0,23.0,31.0,48.0,72.0,0.2,1.6,2.0,3.0,150.0,medium,,,,,,,,,,,448.8
tea,Camellia sinensis,AGRAS T40,50.0,2.8,3.2,0.8,40,3600.0,8,LX8060SZ,2,50.0,300.0,11.0,11.0,magnetic drive impeller pump,6.0,2.0,23.463,30.34,46.646,72.699,0.187,1.71,1.905,2.987,155.524,medium,,,,,,,,,,,456.549
tea,Camellia sinensis,AGRAS T40,50.0,2.8,3.2,0.8,40,3600.0,8,LX8060SZ,2,50.0,300.0,11.0,11.0,magnetic drive impeller pump,6.0,2.0,23.561,31.48,49.285,71.265,0.208,1.525,2.021,3.179,152.245,medium,,,,,,,,,,,449.043
tea,Camellia sinensis,AGRAS T40,50.0,2.8,3.2,0.8,40,3600.0,8,LX8060SZ,2,50.0,300.0,11.0,11.0,magnetic drive impeller pump,6.0,2.0,23.378,30.886,47.463,70.294,0.201,1.66,1.927,3.205,152.551,medium,,,,,,,,,,,443.948
tea,Camellia sinensis,AGRAS T40,50.0,2.8,3.2,0.8,40,3600.0,8,LX8060SZ,2,50.0,300.0,11.0,11.0,magnetic drive impeller pump,6.0,2.0,23.234,30.422,47.609,70.903,0.197,1.678,2.092,2.974,150.071,medium,,,,,,,,,,,446.218
tea,Camellia sinensis,AGRAS T40,50.0,2.8,3.2,0.8,40,3600.0,8,LX8060SZ,2,50.0,300.0,11.0,11.0,magnetic drive impeller pump,6.0,2.0,22.783,31.057,46.003,73.512,0.208,1.58,1.988,3.18,157.501,medium,,,,,,,,,,,447.963
tea,Camellia sinensis,AGRAS T40,50.0,2.8,3.2,0.8,40,3600.0,8,LX8060SZ,2,50.0,300.0,11.0,11.0,magnetic drive impeller pump,6.0,2.0,23.001,30.64,48.51,73.323,0.204,1.638,2.141,3.058,138.382,medium,,,,,,,,,,,444.852
tea,Camellia sinensis,AGRAS T40,50.0,2.8,3.2,0.8,40,3600.0,8,LX8060SZ,2,50.0,300.0,11.0,11.0,magnetic drive impeller pump,6.0,2.0,22.407,31.019,48.885,70.822,0.183,1.696,1.863,3.026,150.86,medium,,,,,,,,,,,452.194
tea,Camellia sinensis,AGRAS T40,50.0,2.8,3.2,0.8,40,3600.0,8,LX8060SZ,2,50.0,300.0,11.0,11.0,magnetic drive impeller pump,6.0,2.0,23.071,30.82,47.598,71.658,0.182,1.544,2.075,3.087,143.545,medium,,,,,,,,,,,443.953
tea,Camellia sinensis,AGRAS T40,50.0,2.8,3.2,0.8,40,3600.0,8,LX8060SZ,2,50.0,300.0,11.0,11.0,magnetic drive impeller pump,6.0,2.0,23.279,30.312,49.551,71.777,0.197,1.722,1.921,3.002,149.865,medium,,,,,,,,,,,446.909
tea,Camellia sinensis,AGRAS T40,50.0,2.8,3.2,0.8,40,3600.0,8,LX8060SZ,2,50.0,300.0,11.0,11.0,magnetic drive impeller pump,6.0,2.0,23.0,31.0,48.0,72.0,0.2,1.6,3.5,3.0,150.0,medium,,,,,,,,,,,409.6
tea,Camellia sinensis,AGRAS T40,50.0,2.8,3.2,0.8,40,3600.0,8,LX8060SZ,2,50.0,300.0,11.0,11.0,magnetic drive impeller pump,6.0,2.0,23.078,29.664,48.743,71.102,0.189,1.602,3.248,3.124,147.486,medium,,,,,,,,,,,415.259
tea,Camellia sinensis,AGRAS T40,50.0,2.8,3.2,0.8,40,3600.0,8,LX8060SZ,2,50.0,300.0,11.0,11.0,magnetic drive impeller pump,6.0,2.0,23.146,30.315,47.213,69.54,0.189,1.729,3.52,2.911,138.68,medium,,,,,,,,,,,409.839
tea,Camellia sinensis,AGRAS T40,50.0,2.8,3.2,0.8,40,3600.0,8,LX8060SZ,2,50.0,300.0,11.0,11.0,magnetic drive impeller pump,6.0,2.0,22.849,31.199,47.753,72.79,0.203,1.623,3.347,2.932,155.411,medium,,,,,,,,,,,410.694
tea,Camellia sinensis,AGRAS T40,50.0,2.8,3.2,0.8,40,3600.0,8,LX8060SZ,2,50.0,300.0,11.0,11.0,magnetic drive impeller pump,6.0,2.0,22.782,31.729,47.533,73.881,0.19,1.634,3.209,2.896,143.202,medium,,,,,,,,,,,415.497
tea,Camellia sinensis,AGRAS T40,50.0,2.8,3.2,0.8,40,3600.0,8,LX8060SZ,2,50.0,300.0,11.0,11.0,magnetic drive impeller pump,6.0,2.0,23.255,30.468,49.253,74.551,0.202,1.627,3.563,3.123,155.204,medium,,,,,,,,,,,403.396
tea,Camellia sinensis,AGRAS T40,50.0,2.8,3.2,0.8,40,3600.0,8,LX8060SZ,2,50.0,300.0,11.0,11.0,magnetic drive impeller pump,6.0,2.0,23.653,30.895,48.763,74.459,0.18,1.624,3.503,2.888,159.625,medium,,,,,,,,,,,406.613
tea,Camellia sinensis,AGRAS T40,50.0,2.8,3.2,0.8,40,3600.0,8,LX8060SZ,2,50.0,300.0,11.0,11.0,magnetic drive impeller pump,6.0,2.0,23.304,29.615,47.907,71.706,0.212,1.541,3.341,3.177,144.153,medium,,,,,,,,,,,408.047
tea,Camellia sinensis,AGRAS T40,50.0,2.8,3.2,0.8,40,3600.0,8,LX8060SZ,2,50.0,300.0,11.0,11.0,magnetic drive impeller pump,6.0,2.0,23.646,31.317,48.856,73.163,0.196,1.647,3.555,3.002,149.178,medium,,,,,,,,,,,414.189
tea,Camellia sinensis,AGRAS T40,50.0,2.8,3.2,0.8,40,3600.0,8,LX8060SZ,2,50.0,300.0,11.0,11.0,magnetic drive impeller pump,6.0,2.0,22.882,30.532,46.773,72.599,0.2,1.685,3.594,3.016,157.567,medium,,,,,,,,,,,412.601
tea,Camellia sinensis,AGRAS T40,50.0,2.8,3.2,0.8,40,3600.0,8,LX8060SZ,2,50.0,300.0,11.0,11.0,magnetic drive impeller pump,6.0,2.0,23.0,31.0,48.0,72.0,0.2,1.6,5.0,3.0,150.0,medium,,,,,,,,,,,396.9
tea,Camellia sinensis,AGRAS T40,50.0,2.8,3.2,0.8,40,3600.0,8,LX8060SZ,2,50.0,300.0,11.0,11.0,magnetic drive impeller pump,6.0,2.0,22.596,31.591,47.865,70.867,0.202,1.722,5.001,2.763,155.884,medium,,,,,,,,,,,399.069
tea,Camellia sinensis,AGRAS T40,50.0,2.8,3.2,0.8,40,3600.0,8,LX8060SZ,2,50.0,300.0,11.0,11.0,magnetic drive impeller pump,6.0,2.0,23.02,31.594,46.119,73.423,0.193,1.687,5.056,2.952,143.094,medium,,,,,,,,,,,396.218
tea,Camellia sinensis,AGRAS T40,50.0,2.8,3.2,0.8,40,3600.0,8,LX8060SZ,2,50.0,300.0,11.0,11.0,magnetic drive impeller pump,6.0,2.0,23.126,31.911,46.964,71.721,0.195,1.515,5.349,2.933,156.476,medium,,,,,,,,,,,400.328
tea,Camellia sinensis,AGRAS T40,50.0,2.8,3.2,0.8,40,3600.0,8,LX8060SZ,2,50.0,300.0,11.0,11.0,magnetic drive impeller pump,6.0,2.0,22.685,32.059,47.015,70.443,0.191,1.729,4.836,3.018,151.131,medium,,,,,,,,,,,393.467
tea,Camellia sinensis,AGRAS T40,50.0,2.8,3.2,0.8,40,3600.0,8,LX8060SZ,2,50.0,300.0,11.0,11.0,magnetic drive impeller pump,6.0,2.0,22.663,31.409,46.952,71.75,0.209,1.704,4.988,2.881,146.216,medium,,,,,,,,,,,401.945
tea,Camellia sinensis,AGRAS T40,50.0,2.8,3.2,0.8,40,3600.0,8,LX8060SZ,2,50.0,300.0,11.0,11.0,magnetic drive impeller pump,6.0,2.0,22.786,31.245,47.633,73.645,0.194,1.571,4.958,3.02,144.769,medium,,,,,,,,,,,405.832
tea,Camellia sinensis,AGRAS T40,50.0,2.8,3.2,0.8,40,3600.0,8,LX8060SZ,2,50.0,300.0,11.0,11.0,magnetic drive impeller pump,6.0,2.0,23.46,29.729,49.277,71.386,0.208,1.699,4.929,3.073,142.993,medium,,,,,,,,,,,402.3
tea,Camellia sinensis,AGRAS T40,50.0,2.8,3.2,0.8,40,3600.0,8,LX8060SZ,2,50.0,300.0,11.0,11.0,magnetic drive impeller pump,6.0,2.0,23.321,30.077,49.411,72.306,0.207,1.673,4.955,2.879,152.046,medium,,,,,,,,,,,402.958
tea,Camellia sinensis,AGRAS T40,50.0,2.8,3.2,0.8,40,3600.0,8,LX8060SZ,2,50.0,300.0,11.0,11.0,magnetic drive impeller pump,6.0,2.0,22.567,31.03,49.787,71.015,0.197,1.708,4.813,3.129,157.771,medium,,,,,,,,,,,396.626
tea,Camellia sinensis,AGRAS T40,50.0,2.8,3.2,0.8,40,3600.0,8,LX8060SZ,2,50.0,300.0,11.0,11.0,magnetic drive impeller pump,6.0,2.0,23.0,31.0,48.0,72.0,0.2,1.6,2.0,5.0,105.0,medium,,,,,,,,,,,376.2
tea,Camellia sinensis,AGRAS T40,50.0,2.8,3.2,0.8,40,3600.0,8,LX8060SZ,2,50.0,300.0,11.0,11.0,magnetic drive impeller pump,6.0,2.0,22.841,29.854,46.285,70.545,0.208,1.581,2.118,5.185,114.17,medium,,,,,,,,,,,370.605
tea,Camellia sinensis,AGRAS T40,50.0,2.8,3.2,0.8,40,3600.0,8,LX8060SZ,2,50.0,300.0,11.0,11.0,magnetic drive impeller pump,6.0,2.0,22.31,31.959,48.827,70.453,0.211,1.578,2.08,5.002,108.392,medium,,,,,,,,,,,385.804
tea,Camellia sinensis,AGRAS T40,50.0,2.8,3.2,0.8,40,3600.0,8,LX8060SZ,2,50.0,300.0,11.0,11.0,magnetic drive impeller pump,6.0,2.0,22.492,30.55,47.176,71.904,0.196,1.529,2.117,5.286,110.999,medium,,,,,,,,,,,375.17
tea,Camellia sinensis,AGRAS T40,50.0,2.8,3.2,0.8,40,3600.0,8,LX8060SZ,2,50.0,300.0,11.0,11.0,magnetic drive impeller pump,6.0,2.0,22.417,31.246,49.048,69.75,0.194,1.493,2.05,5.126,98.103,medium,,,,,,,,,,,376.014
tea,Camellia sinensis,AGRAS T40,50.0,2.8,3.2,0.8,40,3600.0,8,LX8060SZ,2,50.0,300.0,11.0,11.0,magnetic drive impeller pump,6.0,2.0,22.615,31.584,47.996,70.475,0.208,1.644,2.007,4.547,98.478,medium,,,,,,,,,,,374.188
tea,Camellia sinensis,AGRAS T40,50.0,2.8,3.2,0.8,40,3600.0,8,LX8060SZ,2,50.0,300.0,11.0,11.0,magnetic drive impeller pump,6.0,2.0,23.355,31.159,46.287,73.859,0.212,1.537,2.015,4.727,108.523,medium,,,,,,,,,,,372.702
tea,Camellia sinensis,AGRAS T40,50.0,2.8,3.2,0.8,40,3600.0,8,LX8060SZ,2,50.0,300.0,11.0,11.0,magnetic drive impeller pump,6.0,2.0,23.254,30.81,48.068,73.92,0.206,1.539,1.854,5.103,110.314,medium,,,,,,,,,,,369.521
tea,Camellia sinensis,AGRAS T40,50.0,2.8,3.2,0.8,40,3600.0,8,LX8060SZ,2,50.0,300.0,11.0,11.0,magnetic drive impeller pump,6.0,2.0,23.847,30.992,47.315,71.048,0.202,1.672,1.891,5.367,100.783,medium,,,,,,,,,,,372.021
tea,Camellia sinensis,AGRAS T40,50.0,2.8,3.2,0.8,40,3600.0,8,LX8060SZ,2,50.0,300.0,11.0,11.0,magnetic drive impeller pump,6.0,2.0,22.386,31.018,47.426,72.683,0.201,1.673,2.105,5.238,108.065,medium,,,,,,,,,,,371.887
tea,Camellia sinensis,AGRAS T40,50.0,2.8,3.2,0.8,40,3600.0,8,LX8060SZ,2,50.0,300.0,11.0,11.0,magnetic drive impeller pump,6.0,2.0,23.0,31.0,48.0,72.0,0.2,1.6,3.5,5.0,105.0,medium,,,,,,,,,,,378.5
tea,Camellia sinensis,AGRAS T40,50.0,2.8,3.2,0.8,40,3600.0,8,LX8060SZ,2,50.0,300.0,11.0,11.0,magnetic drive impeller pump,6.0,2.0,22.367,31.279,48.928,75.301,0.191,1.689,3.551,5.301,104.506,medium,,,,,,,,,,,377.527
tea,Camellia sinensis,AGRAS T40,50.0,2.8,3.2,0.8,40,3600.0,8,LX8060SZ,2,50.0,300.0,11.0,11.0,magnetic drive impeller pump,6.0,2.0,23.728,31.761,50.149,75.02,0.207,1.634,3.55,4.991,106.786,medium,,,,,,,,,,,374.813
tea,Camellia sinensis,AGRAS T40,50.0,2.8,3.2,0.8,40,3600.0,8,LX8060SZ,2,50.0,300.0,11.0,11.0,magnetic drive impeller pump,6.0,2.0,22.935,31.472,48.215,72.141,0.209,1.583,3.544,4.847,96.746,medium,,,,,,,,,,,372.021
tea,Camellia sinensis,AGRAS T40,50.0,2.8,3.2,0.8,40,3600.0,8,LX8060SZ,2,50.0,300.0,11.0,11.0,magnetic drive impeller pump,6.0,2.0,23.682,29.929,46.593,71.212,0.203,1.67,3.301,4.865,97.407,medium,,,,,,,,,,,374.363
tea,Camellia sinensis,AGRAS T40,50.0,2.8,3.2,0.8,40,3600.0,8,LX8060SZ,2,50.0,300.0,11.0,11.0,magnetic drive impeller pump,6.0,2.0,22.288,30.55,47.963,74.325,0.198,1.656,3.488,4.861,110.561,medium,,,,,,,,,,,384.422
tea,Camellia sinensis,AGRAS T40,50.0,2.8,3.2,0.8,40,3600.0,8,LX8060SZ,2,50.0,300.0,11.0,11.0,magnetic drive impeller pump,6.0,2.0,22.529,31.328,46.942,73.59,0.199,1.678,3.414,5.033,102.777,medium,,,,,,,,,,,378.487
tea,Camellia sinensis,AGRAS T40,50.0,2.8,3.2,0.8,40,3600.0,8,LX8060SZ,2,50.0,300.0,11.0,11.0,magnetic drive impeller pump,6.0,2.0,22.927,31.558,49.178,72.748,0.187,1.562,3.713,5.172,114.168,medium,,,,,,,,,,,379.466
tea,Camellia sinensis,AGRAS T40,50.0,2.8,3.2,0.8,40,3600.0,8,LX8060SZ,2,50.0,300.0,11.0,11.0,magnetic drive impeller pump,6.0,2.0,22.526,30.948,47.77,73.76,0.197,1.622,3.568,4.678,106.46,medium,,,,,,,,,,,387.322
tea,Camellia sinensis,AGRAS T40,50.0,2.8,3.2,0.8,40,3600.0,8,LX8060SZ,2,50.0,300.0,11.0,11.0,magnetic drive impeller pump,6.0,2.0,22.932,30.246,47.14,69.953,0.2,1.623,3.714,5.0,105.276,medium,,,,,,,,,,,374.605
tea,Camellia sinensis,AGRAS T40,50.0,2.8,3.2,0.8,40,3600.0,8,LX8060SZ,2,50.0,300.0,11.0,11.0,magnetic drive impeller pump,6.0,2.0,23.0,31.0,48.0,72.0,0.2,1.6,5.0,5.0,105.0,medium,,,,,,,,,,,349.6
tea,Camellia sinensis,AGRAS T40,50.0,2.8,3.2,0.8,40,3600.0,8,LX8060SZ,2,50.0,300.0,11.0,11.0,magnetic drive impeller pump,6.0,2.0,23.466,30.57,46.755,69.232,0.205,1.67,4.733,4.916,101.27,medium,,,,,,,,,,,340.803
tea,Camellia sinensis,AGRAS T40,50.0,2.8,3.2,0.8,40,3600.0,8,LX8060SZ,2,50.0,300.0,11.0,11.0,magnetic drive impeller pump,6.0,2.0,22.551,30.256,49.768,69.761,0.208,1.569,4.946,5.117,106.26,medium,,,,,,,,,,,346.508
tea,Camellia sinensis,AGRAS T40,50.0,2.8,3.2,0.8,40,3600.0,8,LX8060SZ,2,50.0,300.0,11.0,11.0,magnetic drive impeller pump,6.0,2.0,22.938,31.809,48.247,69.96,0.199,1.561,4.93,5.376,108.755,medium,,,,,,,,,,,352.219
tea,Camellia sinensis,AGRAS T40,50.0,2.8,3.2,0.8,40,3600.0,8,LX8060SZ,2,50.0,300.0,11.0,11.0,magnetic drive impeller pump,6.0,2.0,22.978,31.649,49.066,74.605,0.193,1.545,5.127,5.28,107.859,medium,,,,,,,,,,,354.647
tea,Camellia sinensis,AGRAS T40,50.0,2.8,3.2,0.8,40,3600.0,8,LX8060SZ,2,50.0,300.0,11.0,11.0,magnetic drive impeller pump,6.0,2.0,23.248,30.382,49.441,70.481,0.2,1.614,4.623,5.222,102.708,medium,,,,,,,,,,,352.699
tea,Camellia sinensis,AGRAS T40,50.0,2.8,3.2,0.8,40,3600.0,8,LX8060SZ,2,50.0,300.0,11.0,11.0,magnetic drive impeller pump,6.0,2.0,23.256,30.712,47.128,73.036,0.195,1.578,5.333,4.841,109.097,medium,,,,,,,,,,,348.274
tea,Camellia sinensis,AGRAS T40,50.0,2.8,3.2,0.8,40,3600.0,8,LX8060SZ,2,50.0,300.0,11.0,11.0,magnetic drive impeller pump,6.0,2.0,22.579,30.179,48.571,70.307,0.195,1.672,4.96,5.089,97.49,medium,,,,,,,,,,,340.933
tea,Camellia sinensis,AGRAS T40,50.0,2.8,3.2,0.8,40,3600.0,8,LX8060SZ,2,50.0,300.0,11.0,11.0,magnetic drive impeller pump,6.0,2.0,22.622,31.652,50.074,73.919,0.201,1.564,5.07,4.93,100.166,medium,,,,,,,,,,,348.374
tea,Camellia sinensis,AGRAS T40,50.0,2.8,3.2,0.8,40,3600.0,8,LX8060SZ,2,50.0,300.0,11.0,11.0,magnetic drive impeller pump,6.0,2.0,23.224,31.043,48.215,70.594,0.209,1.584,4.961,4.658,112.307,medium,,,,,,,,,,,342.466
tea,Camellia sinensis,AGRAS T40,50.0,2.8,3.2,0.8,40,3600.0,8,LX8060SZ,2,50.0,300.0,11.0,11.0,magnetic drive impeller pump,6.0,2.0,23.0,31.0,48.0,72.0,0.2,1.6,3.5,3.0,105.0,coarse,,,,,,,,,,,441.9
tea,Camellia sinensis,AGRAS T40,50.0,2.8,3.2,0.8,40,3600.0,8,LX8060SZ,2,50.0,300.0,11.0,11.0,magnetic drive impeller pump,6.0,2.0,23.347,31.413,50.087,75.133,0.187,1.503,3.387,3.101,107.979,coarse,,,,,,,,,,,444.999
tea,Camellia sinensis,AGRAS T40,50.0,2.8,3.2,0.8,40,3600.0,8,LX8060SZ,2,50.0,300.0,11.0,11.0,magnetic drive impeller pump,6.0,2.0,23.617,31.059,46.072,73.692,0.19,1.575,3.237,3.005,97.658,coarse,,,,,,,,,,,447.607
tea,Camellia sinensis,AGRAS T40,50.0,2.8,3.2,0.8,40,3600.0,8,LX8060SZ,2,50.0,300.0,11.0,11.0,magnetic drive impeller pump,6.0,2.0,22.893,31.414,48.757,73.782,0.216,1.692,3.375,3.056,109.255,coarse,,,,,,,,,,,441.234
tea,Camellia sinensis,AGRAS T40,50.0,2.8,3.2,0.8,40,3600.0,8,LX8060SZ,2,50.0,300.0,11.0,11.0,magnetic drive impeller pump,6.0,2.0,22.527,31.108,49.859,72.183,0.191,1.6,3.484,2.941,102.616,coarse,,,,,,,,,,,453.159
tea,Camellia sinensis,AGRAS T40,50.0,2.8,3.2,0.8,40,3600.0,8,LX8060SZ,2,50.0,300.0,11.0,11.0,magnetic drive impeller pump,6.0,2.0,23.318,30.882,46.432,69.377,0.2,1.527,3.767,2.846,99.912,coarse,,,,,,,,,,,443.377
tea,Camellia sinensis,AGRAS T40,50.0,2.8,3.2,0.8,40,3600.0,8,LX8060SZ,2,50.0,300.0,11.0,11.0,magnetic drive impeller pump,6.0,2.0,22.654,31.288,48.576,75.361,0.205,1.647,3.218,2.866,105.182,coarse,,,,,,,,,,,448.294
tea,Camellia sinensis,AGRAS T40,50.0,2.8,3.2,0.8,40,3600.0,8,LX8060SZ,2,50.0,300.0,11.0,11.0,magnetic drive impeller pump,6.0,2.0,23.291,30.601,47.907,73.317,0.202,1.467,3.425,2.845,113.762,coarse,,,,,,,,,,,449.734
tea,Camellia sinensis,AGRAS T40,50.0,2.8,3.2,0.8,40,3600.0,8,LX8060SZ,2,50.0,300.0,11.0,11.0,magnetic drive impeller pump,6.0,2.0,23.717,32.047,48.147,72.299,0.212,1.475,3.679,3.163,103.124,coarse,,,,,,,,,,,436.69
tea,Camellia sinensis,AGRAS T40,50.0,2.8,3.2,0.8,40,3600.0,8,LX8060SZ,2,50.0,300.0,11.0,11.0,magnetic drive impeller pump,6.0,2.0,23.374,31.111,49.958,72.593,0.198,1.605,3.497,3.0,111.946,coarse,,,,,,,,,,,446.4
tea,Camellia sinensis,AGRAS T40,50.0,2.8,3.2,0.8,40,3600.0,8,LX8060SZ,2,50.0,300.0,11.0,11.0,magnetic drive impeller pump,6.0,2.0,23.0,31.0,48.0,72.0,0.2,1.6,3.5,3.0,105.0,fine,,,,,,,,,,,268.8
tea,Camellia sinensis,AGRAS T40,50.0,2.8,3.2,0.8,40,3600.0,8,LX8060SZ,2,50.0,300.0,11.0,11.0,magnetic drive impeller pump,6.0,2.0,23.219,31.497,48.042,72.885,0.188,1.558,3.312,3.135,108.428,fine,,,,,,,,,,,270.55
tea,Camellia sinensis,AGRAS T40,50.0,2.8,3.2,0.8,40,3600.0,8,LX8060SZ,2,50.0,300.0,11.0,11.0,magnetic drive impeller pump,6.0,2.0,23.433,31.649,48.388,72.611,0.195,1.641,3.682,2.867,106.75,fine,,,,,,,,,,,269.739
tea,Camellia sinensis,AGRAS T40,50.0,2.8,3.2,0.8,40,3600.0,8,LX8060SZ,2,50.0,300.0,11.0,11.0,magnetic drive impeller pump,6.0,2.0,23.796,31.886,47.224,70.087,0.218,1.534,3.272,2.96,107.026,fine,,,,,,,,,,,266.766
tea,Camellia sinensis,AGRAS T40,50.0,2.8,3.2,0.8,40,3600.0,8,LX8060SZ,2,50.0,300.0,11.0,11.0,magnetic drive impeller pump,6.0,2.0,22.811,31.737,49.124,72.289,0.197,1.563,3.502,2.995,100.543,fine,,,,,,,,,,,265.819
tea,Camellia sinensis,AGRAS T40,50.0,2.8,3.2,0.8,40,3600.0,8,LX8060SZ,2,50.0,300.0,11.0,11.0,magnetic drive impeller pump,6.0,2.0,22.552,30.313,48.071,69.413,0.209,1.711,3.494,2.99,108.886,fine,,,,,,,,,,,267.94
tea,Camellia sinensis,AGRAS T40,50.0,2.8,3.2,0.8,40,3600.0,8,LX8060SZ,2,50.0,300.0,11.0,11.0,magnetic drive impeller pump,6.0,2.0,22.608,31.756,47.546,73.144,0.2,1.56,3.703,2.813,107.545,fine,,,,,,,,,,,271.305
tea,Camellia sinensis,AGRAS T40,50.0,2.8,3.2,0.8,40,3600.0,8,LX8060SZ,2,50.0,300.0,11.0,11.0,magnetic drive impeller pump,6.0,2.0,22.7,30.71,48.918,73.501,0.211,1.633,3.486,3.021,98.738,fine,,,,,,,,,,,264.905
tea,Camellia sinensis,AGRAS T40,50.0,2.8,3.2,0.8,40,3600.0,8,LX8060SZ,2,50.0,300.0,11.0,11.0,magnetic drive impeller pump,6.0,2.0,21.993,30.865,49.691,69.691,0.184,1.604,3.351,3.131,98.466,fine,,,,,,,,,,,265.283
tea,Camellia sinensis,AGRAS T40,50.0,2.8,3.2,0.8,40,3600.0,8,LX8060SZ,2,50.0,300.0,11.0,11.0,magnetic drive impeller pump,6.0,2.0,23.879,31.664,46.359,71.739,0.215,1.598,3.397,2.837,102.147,fine,,,,,,,,,,,269.383
wheat,,AGRAS T20,,1.1,0.57,0.732,20,,6,XR110015,8,,,5.0,5.0,diaphragm pump,,,13.9,13.9,32.9,32.9,2.1,2.1,2.5,3.5,15.0,off,0.05,GNSS RTK,1.575,,,,,,,,323.0
wheat,,AGRAS T20,,1.1,0.57,0.732,20,,6,XR110015,8,,,5.0,5.0,diaphragm pump,,,13.63,13.63,32.09,32.09,2.044,2.044,2.558,3.339,15.0,off,0.05,GNSS RTK,1.575,,,,,,,,326.112
wheat,,AGRAS T20,,1.1,0.57,0.732,20,,6,XR110015,8,,,5.0,5.0,diaphragm pump,,,14.29,14.29,32.059,32.059,2.001,2.001,2.54,3.51,15.0,off,0.05,GNSS RTK,1.575,,,,,,,,315.178
wheat,,AGRAS T20,,1.1,0.57,0.732,20,,6,XR110015,8,,,5.0,5.0,diaphragm pump,,,14.205,14.205,32.591,32.591,2.196,2.196,2.625,3.381,15.0,off,0.05,GNSS RTK,1.575,,,,,,,,319.49
wheat,,AGRAS T20,,1.1,0.57,0.732,20,,6,XR110015,8,,,5.0,5.0,diaphragm pump,,,14.327,14.327,33.597,33.597,2.011,2.011,2.309,3.814,15.0,off,0.05,GNSS RTK,1.575,,,,,,,,324.821
wheat,,AGRAS T20,,1.1,0.57,0.732,20,,6,XR110015,8,,,5.0,5.0,diaphragm pump,,,13.865,13.865,33.627,33.627,2.076,2.076,2.455,3.685,15.0,off,0.05,GNSS RTK,1.575,,,,,,,,319.184
wheat,,AGRAS T20,,1.1,0.57,0.732,20,,6,XR110015,8,,,5.0,5.0,diaphragm pump,,,13.942,13.942,32.634,32.634,2.192,2.192,2.559,3.646,15.0,off,0.05,GNSS RTK,1.575,,,,,,,,323.728
wheat,,AGRAS T20,,1.1,0.57,0.732,20,,6,XR110015,8,,,5.0,5.0,diaphragm pump,,,14.27,14.27,33.618,33.618,2.26,2.26,2.648,3.55,15.0,off,0.05,GNSS RTK,1.575,,,,,,,,321.383
wheat,,AGRAS T20,,1.1,0.57,0.732,20,,6,XR110015,8,,,5.0,5.0,diaphragm pump,,,13.928,13.928,33.664,33.664,1.971,1.971,2.464,3.636,15.0,off,0.05,GNSS RTK,1.575,,,,,,,,320.24
wheat,,AGRAS T20,,1.1,0.57,0.732,20,,6,XR110015,8,,,5.0,5.0,diaphragm pump,,,14.275,14.275,32.513,32.513,2.141,2.141,2.346,3.32,15.0,off,0.05,GNSS RTK,1.575,,,,,,,,330.614
wheat,,AGRAS T20,,1.1,0.57,0.732,20,,6,XR110015,8,,,5.0,5.0,diaphragm pump,,,13.6,13.6,31.0,31.0,3.0,3.0,2.5,4.5,15.0,off,0.05,GNSS RTK,2.025,,,,,,,,307.0
wheat,,AGRAS T20,,1.1,0.57,0.732,20,,6,XR110015,8,,,5.0,5.0,diaphragm pump,,,13.686,13.686,31.472,31.472,3.199,3.199,2.385,4.272,15.0,off,0.05,GNSS RTK,2.025,,,,,,,,303.44
wheat,,AGRAS T20,,1.1,0.57,0.732,20,,6,XR110015,8,,,5.0,5.0,diaphragm pump,,,13.719,13.719,31.529,31.529,2.983,2.983,2.374,4.595,15.0,off,0.05,GNSS RTK,2.025,,,,,,,,307.875
wheat,,AGRAS T20,,1.1,0.57,0.732,20,,6,XR110015,8,,,5.0,5.0,diaphragm pump,,,13.581,13.581,30.854,30.854,2.804,2.804,2.493,4.662,15.0,off,0.05,GNSS RTK,2.025,,,,,,,,304.64
wheat,,AGRAS T20,,1.1,0.57,0.732,20,,6,XR110015,8,,,5.0,5.0,diaphragm pump,,,13.636,13.636,30.72,30.72,3.096,3.096,2.403,4.508,15.0,off,0.05,GNSS RTK,2.025,,,,,,,,307.816
wheat,,AGRAS T20,,1.1,0.57,0.732,20,,6,XR110015,8,,,5.0,5.0,diaphragm pump,,,13.152,13.152,31.26,31.26,3.071,3.071,2.553,4.703,15.0,off,0.05,GNSS RTK,2.025,,,,,,,,308.766
wheat,,AGRAS T20,,1.1,0.57,0.732,20,,6,XR110015,8,,,5.0,5.0,diaphragm pump,,,13.646,13.646,30.792,30.792,3.001,3.001,2.468,4.268,15.0,off,0.05,GNSS RTK,2.025,,,,,,,,311.893
wheat,,AGRAS T20,,1.1,0.57,0.732,20,,6,XR110015,8,,,5.0,5.0,diaphragm pump,,,13.36,13.36,31.164,31.164,3.16,3.16,2.382,4.332,15.0,off,0.05,GNSS RTK,2.025,,,,,,,,298.557
wheat,,AGRAS T20,,1.1,0.57,0.732,20,,6,XR110015,8,,,5.0,5.0,diaphragm pump,,,13.592,13.592,31.178,31.178,2.879,2.879,2.394,4.294,15.0,off,0.05,GNSS RTK,2.025,,,,,,,,308.459
wheat,,AGRAS T20,,1.1,0.57,0.732,20,,6,XR110015,8,,,5.0,5.0,diaphragm pump,,,13.779,13.779,30.841,30.841,3.12,3.12,2.462,4.815,15.0,off,0.05,GNSS RTK,2.025,,,,,,,,310.112
wheat,,AGRAS T20,,1.1,0.57,0.732,20,,6,XR110015,8,,,5.0,5.0,diaphragm pump,,,14.1,14.1,46.7,46.7,3.4,3.4,2.5,5.5,15.0,off,0.05,GNSS RTK,2.475,,,,,,,,360.0
wheat,,AGRAS T20,,1.1,0.57,0.732,20,,6,XR110015,8,,,5.0,5.0,diaphragm pump,,,14.256,14.256,46.788,46.788,3.557,3.557,2.514,5.065,15.0,off,0.05,GNSS RTK,2.475,,,,,,,,359.338
wheat,,AGRAS T20,,1.1,0.57,0.732,20,,6,XR110015,8,,,5.0,5.0,diaphragm pump,,,13.843,13.843,47.648,47.648,3.396,3.396,2.343,5.167,15.0,off,0.05,GNSS RTK,2.475,,,,,,,,353.323
wheat,,AGRAS T20,,1.1,0.57,0.732,20,,6,XR110015,8,,,5.0,5.0,diaphragm pump,,,13.592,13.592,47.45,47.45,3.504,3.504,2.655,5.163,15.0,off,0.05,GNSS RTK,2.475,,,,,,,,350.562
wheat,,AGRAS T20,,1.1,0.57,0.732,20,,6,XR110015,8,,,5.0,5.0,diaphragm pump,,,13.95,13.95,47.274,47.274,3.467,3.467,2.428,5.911,15.0,off,0.05,GNSS RTK,2.475,,,,,,,,358.594
wheat,,AGRAS T20,,1.1,0.57,0.732,20,,6,XR110015,8,,,5.0,5.0,diaphragm pump,,,14.137,14.137,47.24,47.24,3.246,3.246,2.325,5.333,15.0,off,0.05,GNSS RTK,2.475,,,,,,,,354.343
wheat,,AGRAS T20,,1.1,0.57,0.732,20,,6,XR110015,8,,,5.0,5.0,diaphragm pump,,,14.175,14.175,45.937,45.937,3.53,3.53,2.562,5.138,15.0,off,0.05,GNSS RTK,2.475,,,,,,,,350.714
wheat,,AGRAS T20,,1.1,0.57,0.732,20,,6,XR110015,8,,,5.0,5.0,diaphragm pump,,,14.161,14.161,47.623,47.623,3.428,3.428,2.587,5.636,15.0,off,0.05,GNSS RTK,2.475,,,,,,,,357.228
wheat,,AGRAS T20,,1.1,0.57,0.732,20,,6,XR110015,8,,,5.0,5.0,diaphragm pump,,,14.045,14.045,47.411,47.411,3.45,3.45,2.624,5.827,15.0,off,0.05,GNSS RTK,2.475,,,,,,,,363.257
wheat,,AGRAS T20,,1.1,0.57,0.732,20,,6,XR110015,8,,,5.0,5.0,diaphragm pump,,,14.171,14.171,46.916,46.916,3.245,3.245,2.527,5.627,15.0,off,0.05,GNSS RTK,2.475,,,,,,,,356.473
coffee,enmcapa,JT5L-404,,,,,5,,6,full cone,4,,,,,,,,25.0,30.0,55.0,80.0,0.5,2.5,2.0,4.0,10.0,off,1.54,,,A1,14.67,3.89,70.33,17.66,1.6,67.4,320.0
coffee,enmcapa,JT5L-404,,,,,5,,6,full cone,4,,,,,,,,24.668,30.673,56.855,82.301,0.512,2.383,1.916,4.005,10.671,off,1.537,,,A1,14.686,3.874,70.446,17.645,1.6,67.669,319.982
coffee,enmcapa,JT5L-404,,,,,5,,6,full cone,4,,,,,,,,24.984,30.121,53.984,76.526,0.536,2.394,2.115,3.814,10.153,off,1.538,,,A1,14.612,3.879,70.003,17.682,1.6,67.648,313.499
coffee,enmcapa,JT5L-404,,,,,5,,6,full cone,4,,,,,,,,23.949,28.943,53.909,81.292,0.526,2.676,2.167,3.839,10.247,off,1.547,,,A1,14.648,3.874,69.939,17.714,1.6,67.035,315.628
coffee,enmcapa,JT5L-404,,,,,5,,6,full cone,4,,,,,,,,25.238,30.367,56.597,80.711,0.527,2.415,1.966,3.647,10.379,off,1.534,,,A1,14.624,3.906,70.447,17.499,1.6,67.424,319.816
coffee,enmcapa,JT5L-404,,,,,5,,6,full cone,4,,,,,,,,24.717,30.376,54.204,81.618,0.526,2.474,2.097,4.028,9.346,off,1.532,,,A1,14.631,3.867,70.312,17.667,1.6,67.661,314.237
coffee,enmcapa,JT5L-404,,,,,5,,6,full cone,4,,,,,,,,24.405,30.377,52.621,77.98,0.494,2.394,1.956,4.157,10.292,off,1.534,,,A1,14.571,3.871,70.3,17.599,1.6,67.149,326.76
coffee,enmcapa,JT5L-404,,,,,5,,6,full cone,4,,,,,,,,24.779,29.326,55.545,79.647,0.502,2.6,2.08,3.999,10.647,off,1.539,,,A1,14.669,3.856,70.811,17.623,1.6,67.546,320.099
coffee,enmcapa,JT5L-404,,,,,5,,6,full cone,4,,,,,,,,25.593,29.809,54.638,82.173,0.458,2.488,1.94,4.024,10.066,off,1.545,,,A1,14.539,3.898,69.844,17.691,1.6,67.747,319.602
coffee,enmcapa,JT5L-404,,,,,5,,6,full cone,4,,,,,,,,24.387,30.724,55.508,79.916,0.516,2.382,1.849,4.168,10.613,off,1.553,,,A1,14.571,3.902,70.162,17.598,1.6,67.499,316.174
coffee,enmcapa,JT5L-404,,,,,5,,6,full cone,4,,,,,,,,25.0,30.0,55.0,80.0,0.5,2.5,3.0,4.0,10.0,off,1.54,,,A1,14.67,3.89,70.33,17.66,1.6,67.4,328.0
coffee,enmcapa,JT5L-404,,,,,5,,6,full cone,4,,,,,,,,24.655,29.74,54.646,78.597,0.518,2.565,3.125,4.245,9.514,off,1.53,,,A1,14.672,3.902,70.647,17.561,1.6,66.879,334.991
coffee,enmcapa,JT5L-404,,,,,5,,6,full cone,4,,,,,,,,24.244,30.082,55.984,81.069,0.469,2.464,3.154,3.86,9.48,off,1.531,,,A1,14.634,3.881,70.327,17.561,1.6,67.346,325.968
coffee,enmcapa,JT5L-404,,,,,5,,6,full cone,4,,,,,,,,24.579,28.785,54.2,77.119,0.492,2.45,2.843,4.015,9.367,off,1.541,,,A1,14.763,3.869,70.294,17.808,1.6,67.165,326.173
coffee,enmcapa,JT5L-404,,,,,5,,6,full cone,4,,,,,,,,25.507,29.575,56.484,78.119,0.515,2.692,2.869,4.124,10.053,off,1.545,,,A1,14.654,3.891,70.243,17.554,1.6,67.246,327.766
coffee,enmcapa,JT5L-404,,,,,5,,6,full cone,4,,,,,,,,24.954,30.151,53.81,78.651,0.481,2.534,2.981,3.826,9.875,off,1.544,,,A1,14.657,3.885,69.71,17.585,1.6,67.647,324.596
coffee,enmcapa,JT5L-404,,,,,5,,6,full cone,4,,,,,,,,23.808,30.454,55.993,81.457,0.469,2.505,3.063,3.691,9.986,off,1.542,,,A1,14.585,3.889,69.701,17.772,1.6,67.891,324.448
coffee,enmcapa,JT5L-404,,,,,5,,6,full cone,4,,,,,,,,25.699,29.905,54.541,81.5,0.485,2.643,3.218,3.952,10.529,off,1.549,,,A1,14.738,3.909,70.082,17.574,1.6,67.839,324.857
coffee,enmcapa,JT5L-404,,,,,5,,6,full cone,4,,,,,,,,26.031,30.09,54.905,81.467,0.516,2.607,3.089,3.705,9.055,off,1.541,,,A1,14.714,3.908,69.915,17.689,1.6,67.256,320.938
coffee,enmcapa,JT5L-404,,,,,5,,6,full cone,4,,,,,,,,25.437,29.924,56.477,80.291,0.488,2.595,2.99,3.903,10.207,off,1.548,,,A1,14.683,3.91,70.547,17.754,1.6,67.221,329.96
coffee,enmcapa,JT5L-404,,,,,5,,6,full cone,4,,,,,,,,25.0,30.0,55.0,80.0,0.5,2.5,4.0,4.0,10.0,off,1.54,,,A1,14.67,3.89,70.33,17.66,1.6,67.4,314.0
coffee,enmcapa,JT5L-404,,,,,5,,6,full cone,4,,,,,,,,24.797,31.383,54.52,80.234,0.466,2.706,3.851,4.259,9.067,off,1.55,,,A1,14.7,3.883,70.71,17.63,1.6,67.447,317.512
coffee,enmcapa,JT5L-404,,,,,5,,6,full cone,4,,,,,,,,25.16,31.019,56.499,80.544,0.512,2.533,3.905,3.996,10.17,off,1.542,,,A1,14.622,3.914,70.063,17.739,1.6,67.778,315.754
coffee,enmcapa,JT5L-404,,,,,5,,6,full cone,4,,,,,,,,25.14,29.633,56.892,82.168,0.528,2.313,3.936,4.05,10.173,off,1.532,,,A1,14.768,3.886,70.654,17.728,1.6,67.54,316.47
coffee,enmcapa,JT5L-404,,,,,5,,6,full cone,4,,,,,,,,24.249,30.874,56.519,81.486,0.471,2.694,3.883,3.818,10.458,off,1.531,,,A1,14.759,3.871,70.214,17.686,1.6,67.107,317.516
coffee,enmcapa,JT5L-404,,,,,5,,6,full cone,4,,,,,,,,25.202,30.494,55.12,82.884,0.48,2.543,4.032,3.936,9.415,off,1.537,,,A1,14.657,3.881,70.038,17.64,1.6,67.327,305.73
coffee,enmcapa,JT5L-404,,,,,5,,6,full cone,4,,,,,,,,25.809,30.101,54.627,80.129,0.478,2.502,3.79,4.2,9.756,off,1.532,,,A1,14.724,3.881,70.419,17.768,1.6,67.669,309.95
coffee,enmcapa,JT5L-404,,,,,5,,6,full cone,4,,,,,,,,24.841,29.987,55.03,80.17,0.529,2.275,4.057,3.902,9.642,off,1.543,,,A1,14.608,3.904,70.148,17.758,1.6,67.919,318.979
coffee,enmcapa,JT5L-404,,,,,5,,6,full cone,4,,,,,,,,25.267,28.695,55.508,80.002,0.503,2.367,4.306,3.862,10.551,off,1.546,,,A1,14.632,3.892,69.878,17.647,1.6,66.891,318.496
coffee,enmcapa,JT5L-404,,,,,5,,6,full cone,4,,,,,,,,25.829,29.982,54.814,79.984,0.509,2.629,3.902,3.931,9.917,off,1.548,,,A1,14.708,3.877,69.911,17.783,1.6,67.263,309.774
coffee,tributum,JT5L-404,,,,,5,,6,full cone,4,,,,,,,,25.0,30.0,55.0,80.0,0.5,2.5,2.0,4.0,10.0,off,1.4,,,LB1,17.33,3.86,72.83,19.66,1.53,60.2,329.0
coffee,tributum,JT5L-404,,,,,5,,6,full cone,4,,,,,,,,24.262,29.899,54.683,80.035,0.507,2.589,1.835,4.209,10.446,off,1.408,,,LB1,17.263,3.873,73.003,19.768,1.53,59.889,324.682
coffee,tributum,JT5L-404,,,,,5,,6,full cone,4,,,,,,,,25.643,31.178,55.772,83.119,0.465,2.508,2.173,4.221,10.424,off,1.394,,,LB1,17.416,3.851,72.594,19.656,1.53,60.022,329.673
coffee,tributum,JT5L-404,,,,,5,,6,full cone,4,,,,,,,,24.911,30.054,54.706,77.832,0.491,2.513,1.882,3.952,10.331,off,1.403,,,LB1,17.312,3.871,73.032,19.619,1.53,60.527,329.855
coffee,tributum,JT5L-404,,,,,5,,6,full cone,4,,,,,,,,26.117,29.741,55.161,79.84,0.484,2.553,1.971,4.149,9.123,off,1.407,,,LB1,17.469,3.859,72.876,19.518,1.53,59.917,332.052
coffee,tributum,JT5L-404,,,,,5,,6,full cone,4,,,,,,,,25.456,30.495,55.473,79.056,0.504,2.415,1.843,3.827,10.444,off,1.394,,,LB1,17.398,3.877,73.117,19.665,1.53,60.059,327.917
coffee,tributum,JT5L-404,,,,,5,,6,full cone,4,,,,,,,,24.588,30.708,55.042,78.898,0.533,2.6,1.971,4.254,10.077,off,1.411,,,LB1,17.378,3.838,72.598,19.614,1.53,60.721,330.565
coffee,tributum,JT5L-404,,,,,5,,6,full cone,4,,,,,,,,25.463,31.178,55.908,78.752,0.452,2.505,2.052,4.241,9.489,off,1.392,,,LB1,17.344,3.859,73.121,19.62,1.53,60.098,330.549
coffee,tributum,JT5L-404,,,,,5,,6,full cone,4,,,,,,,,25.467,29.048,55.668,79.181,0.507,2.417,1.956,4.17,9.39,off,1.393,,,LB1,17.337,3.851,72.961,19.734,1.53,60.723,327.904
coffee,tributum,JT5L-404,,,,,5,,6,full cone,4,,,,,,,,25.372,30.798,55.294,82.315,0.475,2.652,2.029,3.909,9.771,off,1.408,,,LB1,17.325,3.852,73.159,19.74,1.53,60.001,323.898
coffee,tributum,JT5L-404,,,,,5,,6,full cone,4,,,,,,,,25.0,30.0,55.0,80.0,0.5,2.5,3.0,4.0,10.0,off,1.4,,,LB1,17.33,3.86,72.83,19.66,1.53,60.2,337.0
coffee,tributum,JT5L-404,,,,,5,,6,full cone,4,,,,,,,,25.348,29.413,53.282,82.119,0.467,2.546,3.085,3.909,9.456,off,1.391,,,LB1,17.253,3.863,72.639,19.76,1.53,60.203,342.188
coffee,tributum,JT5L-404,,,,,5,,6,full cone,4,,,,,,,,24.421,30.92,56.103,78.498,0.498,2.436,3.215,3.959,10.142,off,1.389,,,LB1,17.332,3.84,73.055,19.608,1.53,60.257,333.591
coffee,tributum,JT5L-404,,,,,5,,6,full cone,4,,,,,,,,25.04,30.921,53.937,82.372,0.502,2.29,2.899,3.809,9.83,off,1.407,,,LB1,17.394,3.847,72.883,19.67,1.53,59.97,331.377
coffee,tributum,JT5L-404,,,,,5,,6,full cone,4,,,,,,,,25.256,29.239,55.173,76.997,0.492,2.601,2.85,3.909,9.521,off,1.41,,,LB1,17.182,3.853,73.204,19.587,1.53,59.899,335.029
coffee,tributum,JT5L-404,,,,,5,,6,full cone,4,,,,,,,,24.786,30.207,55.537,80.056,0.517,2.66,2.727,4.171,9.879,off,1.396,,,LB1,17.219,3.872,72.532,19.822,1.53,60.418,335.076
coffee,tributum,JT5L-404,,,,,5,,6,full cone,4,,,,,,,,25.333,29.673,53.998,79.362,0.529,2.391,3.211,3.828,10.642,off,1.404,,,LB1,17.346,3.842,72.772,19.829,1.53,60.469,334.397
coffee,tributum,JT5L-404,,,,,5,,6,full cone,4,,,,,,,,24.262,30.223,54.149,81.815,0.491,2.46,3.215,3.734,10.121,off,1.399,,,LB1,17.47,3.887,73.287,19.589,1.53,59.826,338.358
coffee,tributum,JT5L-404,,,,,5,,6,full cone,4,,,,,,,,24.445,30.443,53.891,79.885,0.471,2.577,2.836,4.135,9.246,off,1.407,,,LB1,17.265,3.868,72.423,19.601,1.53,60.183,341.497
coffee,tributum,JT5L-404,,,,,5,,6,full cone,4,,,,,,,,24.243,30.696,56.017,80.112,0.52,2.449,3.184,4.224,10.342,off,1.408,,,LB1,17.27,3.872,73.243,19.535,1.53,60.028,340.923
coffee,tributum,JT5L-404,,,,,5,,6,full cone,4,,,,,,,,25.0,30.0,55.0,80.0,0.5,2.5,4.0,4.0,10.0,off,1.4,,,LB1,17.33,3.86,72.83,19.66,1.53,60.2,327.0
coffee,tributum,JT5L-404,,,,,5,,6,full cone,4,,,,,,,,24.23,30.108,57.041,77.565,0.517,2.374,3.863,3.81,10.024,off,1.394,,,LB1,17.228,3.829,72.831,19.774,1.53,59.868,324.913
coffee,tributum,JT5L-404,,,,,5,,6,full cone,4,,,,,,,,24.886,29.251,55.308,80.907,0.529,2.563,4.141,4.033,9.352,off,1.386,,,LB1,17.455,3.877,73.244,19.72,1.53,60.13,321.092
coffee,tributum,JT5L-404,,,,,5,,6,full cone,4,,,,,,,,25.345,30.532,56.8,81.428,0.517,2.472,4.256,4.214,9.679,off,1.41,,,LB1,17.336,3.87,72.665,19.802,1.53,59.948,324.513
coffee,tributum,JT5L-404,,,,,5,,6,full cone,4,,,,,,,,25.6,29.775,54.257,77.713,0.479,2.574,3.772,3.704,10.382,off,1.405,,,LB1,17.458,3.834,72.615,19.576,1.53,60.03,325.278
coffee,tributum,JT5L-404,,,,,5,,6,full cone,4,,,,,,,,26.011,30.872,55.81,83.258,0.548,2.462,4.007,4.032,9.648,off,1.394,,,LB1,17.339,3.844,73.033,19.743,1.53,60.599,325.529
coffee,tributum,JT5L-404,,,,,5,,6,full cone,4,,,,,,,,24.357,29.619,54.59,80.59,0.492,2.701,4.197,3.886,10.101,off,1.408,,,LB1,17.39,3.844,72.244,19.559,1.53,60.175,321.929
coffee,tributum,JT5L-404,,,,,5,,6,full cone,4,,,,,,,,25.472,29.258,55.978,80.03,0.495,2.675,3.901,3.86,10.087,off,1.404,,,LB1,17.323,3.852,72.374,19.735,1.53,60.25,327.623
coffee,tributum,JT5L-404,,,,,5,,6,full cone,4,,,,,,,,24.527,30.619,54.095,78.347,0.476,2.653,3.701,3.744,10.316,off,1.391,,,LB1,17.403,3.854,73.17,19.609,1.53,59.909,332.103
coffee,tributum,JT5L-404,,,,,5,,6,full cone,4,,,,,,,,25.279,30.788,54.008,81.675,0.532,2.526,3.837,4.142,9.503,off,1.411,,,LB1,17.278,3.841,73.178,19.791,1.53,60.549,325.127
coffee,tributum,JT5L-404,,,,,5,,6,full cone,4,,,,,,,,25.0,30.0,55.0,80.0,0.5,2.5,2.0,4.0,10.0,off,1.56,,,P1,15.0,3.75,71.5,19.0,1.71,63.6,322.0
coffee,tributum,JT5L-404,,,,,5,,6,full cone,4,,,,,,,,25.428,30.729,54.413,80.256,0.482,2.374,2.026,4.123,10.527,off,1.553,,,P1,15.049,3.773,71.263,18.86,1.71,63.415,316.232
coffee,tributum,JT5L-404,,,,,5,,6,full cone,4,,,,,,,,24.408,30.457,52.698,77.682,0.529,2.549,2.009,3.827,10.207,off,1.564,,,P1,14.989,3.761,71.823,19.031,1.71,63.361,318.946
coffee,tributum,JT5L-404,,,,,5,,6,full cone,4,,,,,,,,25.319,31.036,55.839,81.832,0.528,2.556,1.824,4.162,10.066,off,1.56,,,P1,14.887,3.731,72.03,18.919,1.71,63.449,330.918
coffee,tributum,JT5L-404,,,,,5,,6,full cone,4,,,,,,,,24.541,30.397,53.61,79.69,0.53,2.645,1.96,4.135,9.427,off,1.564,,,P1,14.898,3.744,71.531,18.841,1.71,63.657,325.312
coffee,tributum,JT5L-404,,,,,5,,6,full cone,4,,,,,,,,24.637,29.987,55.23,81.371,0.477,2.657,1.981,3.78,9.787,off,1.569,,,P1,15.008,3.752,71.165,19.129,1.71,63.633,319.106
coffee,tributum,JT5L-404,,,,,5,,6,full cone,4,,,,,,,,25.72,30.703,55.427,82.281,0.51,2.491,2.031,4.185,10.084,off,1.559,,,P1,15.033,3.765,71.479,18.952,1.71,63.056,323.49
coffee,tributum,JT5L-404,,,,,5,,6,full cone,4,,,,,,,,24.32,30.612,56.527,83.405,0.454,2.364,1.97,3.851,10.238,off,1.572,,,P1,14.902,3.777,71.046,19.058,1.71,63.816,328.882
coffee,tributum,JT5L-404,,,,,5,,6,full cone,4,,,,,,,,24.645,29.829,55.926,80.845,0.469,2.416,1.983,3.808,10.057,off,1.554,,,P1,14.921,3.758,71.28,19.0,1.71,63.838,318.484
coffee,tributum,JT5L-404,,,,,5,,6,full cone,4,,,,,,,,25.645,29.811,53.868,78.503,0.515,2.326,2.069,3.953,10.306,off,1.561,,,P1,14.983,3.766,71.19,19.13,1.71,63.586,328.423
coffee,tributum,JT5L-404,,,,,5,,6,full cone,4,,,,,,,,25.0,30.0,55.0,80.0,0.5,2.5,3.0,4.0,10.0,off,1.56,,,P1,15.0,3.75,71.5,19.0,1.71,63.6,330.0
coffee,tributum,JT5L-404,,,,,5,,6,full cone,4,,,,,,,,25.143,29.694,54.58,78.736,0.455,2.522,2.893,3.944,9.513,off,1.568,,,P1,15.079,3.744,71.727,18.969,1.71,63.061,333.952
coffee,tributum,JT5L-404,,,,,5,,6,full cone,4,,,,,,,,24.18,29.355,54.717,79.458,0.492,2.463,3.094,4.027,10.175,off,1.572,,,P1,14.891,3.751,71.177,18.936,1.71,63.223,328.832
coffee,tributum,JT5L-404,,,,,5,,6,full cone,4,,,,,,,,24.974,29.437,54.246,77.967,0.5,2.518,3.05,4.018,10.774,off,1.554,,,P1,15.017,3.737,71.528,19.035,1.71,63.997,331.664
coffee,tributum,JT5L-404,,,,,5,,6,full cone,4,,,,,,,,24.62,29.077,54.663,77.926,0.465,2.598,2.818,4.341,9.467,off,1.554,,,P1,14.991,3.72,71.474,18.962,1.71,63.793,334.542
coffee,tributum,JT5L-404,,,,,5,,6,full cone,4,,,,,,,,24.634,29.731,57.075,81.01,0.494,2.548,2.866,3.825,9.501,off,1.55,,,P1,15.05,3.734,71.851,19.048,1.71,63.483,327.169
coffee,tributum,JT5L-404,,,,,5,,6,full cone,4,,,,,,,,24.786,30.352,56.12,81.038,0.519,2.599,2.811,4.212,9.639,off,1.556,,,P1,15.065,3.732,71.759,18.991,1.71,63.425,332.382
coffee,tributum,JT5L-404,,,,,5,,6,full cone,4,,,,,,,,25.089,30.628,54.094,77.616,0.48,2.586,2.762,4.085,10.079,off,1.566,,,P1,14.991,3.747,71.55,19.059,1.71,63.855,331.236
coffee,tributum,JT5L-404,,,,,5,,6,full cone,4,,,,,,,,26.074,29.748,54.862,79.288,0.523,2.551,2.909,3.928,10.006,off,1.563,,,P1,15.049,3.737,70.88,18.852,1.71,63.368,327.07
coffee,tributum,JT5L-404,,,,,5,,6,full cone,4,,,,,,,,24.681,30.399,57.104,79.381,0.518,2.523,3.099,4.027,9.05,off,1.563,,,P1,15.041,3.726,71.556,18.922,1.71,63.562,323.855
coffee,tributum,JT5L-404,,,,,5,,6,full cone,4,,,,,,,,25.0,30.0,55.0,80.0,0.5,2.5,4.0,4.0,10.0,off,1.56,,,P1,15.0,3.75,71.5,19.0,1.71,63.6,330.0
coffee,tributum,JT5L-404,,,,,5,,6,full cone,4,,,,,,,,24.662,30.136,55.957,77.692,0.521,2.601,4.053,3.801,9.393,off,1.564,,,P1,14.917,3.737,71.471,18.992,1.71,63.876,326.673
coffee,tributum,JT5L-404,,,,,5,,6,full cone,4,,,,,,,,25.939,30.481,56.439,78.739,0.51,2.557,3.987,4.225,10.407,off,1.554,,,P1,15.124,3.77,71.555,18.917,1.71,63.56,334.338
coffee,tributum,JT5L-404,,,,,5,,6,full cone,4,,,,,,,,24.717,29.205,55.205,79.904,0.526,2.29,3.865,3.871,9.509,off,1.571,,,P1,15.014,3.736,71.031,18.965,1.71,63.765,329.824
coffee,tributum,JT5L-404,,,,,5,,6,full cone,4,,,,,,,,24.721,30.537,55.064,80.267,0.466,2.555,4.162,3.866,10.189,off,1.553,,,P1,15.001,3.747,71.229,18.912,1.71,63.642,329.103
coffee,tributum,JT5L-404,,,,,5,,6,full cone,4,,,,,,,,25.381,29.686,55.263,82.402,0.535,2.598,3.894,3.944,10.492,off,1.567,,,P1,15.083,3.725,70.867,18.989,1.71,63.748,333.311
coffee,tributum,JT5L-404,,,,,5,,6,full cone,4,,,,,,,,25.016,30.349,53.642,79.658,0.495,2.44,3.839,3.668,10.703,off,1.563,,,P1,14.948,3.773,71.52,19.035,1.71,63.654,337.396
coffee,tributum,JT5L-404,,,,,5,,6,full cone,4,,,,,,,,24.474,29.989,54.793,82.059,0.528,2.377,4.275,3.973,9.93,off,1.564,,,P1,15.118,3.75,71.643,18.902,1.71,63.836,334.522
coffee,tributum,JT5L-404,,,,,5,,6,full cone,4,,,,,,,,25.483,29.203,56.032,83.22,0.5,2.511,3.833,3.964,10.25,off,1.554,,,P1,14.906,3.758,71.847,18.993,1.71,64.102,327.449
coffee,tributum,JT5L-404,,,,,5,,6,full cone,4,,,,,,,,24.382,29.069,54.802,82.146,0.518,2.724,3.657,4.244,10.012,off,1.554,,,P1,15.027,3.766,71.72,18.89,1.71,64.038,330.11
